Workbook

Sheet README
A1: HealthConnect Appointment Data — Data Quality Assessment
A2: AnalystLab Africa — HealthConnect Experience Lab — Week 4 — Data Analytics Track
A5: Purpose
A6: This workbook documents the initial data quality assessment of HealthConnect_Appointment_Data (5,000 appointment records, 18 substantive fields), performed as part of the Week 4 Data Analytics track deliverable. All checks are built as live Excel formulas referencing the raw data on the 'Raw_Data' sheet, so every figure below recalculates automatically if the source data changes.
A8: How this workbook is organised
A9: • Raw_Data — the source data exactly as received, plus five helper columns (U–Y) that flag duplicates and logical inconsistencies row-by-row. Nothing in the original 20 columns (A–T) has been altered, edited, or deleted, per the project's 'do not overwrite original resources' instruction.
A10: • DQ_Assessment — the summary checks: completeness, duplicates, categorical consistency, numeric ranges/outliers, logical consistency, and outcome distribution. All values are formulas.
A11: • Findings_Summary — a short written summary of what the checks found and what it means for the next phase of analysis.
A13: Note on the two unlabeled columns
A14: The source file contained two columns with no header (columns S and T). Column S is completely blank across all 5,000 rows. Column T is blank except for a single stray numeric value (2423) in row 2, with no accompanying label or context. Both are preserved as-is on Raw_Data and flagged in the completeness and findings sections — they should not be used in analysis until their origin is confirmed against the Data Dictionary.

Sheet Raw_Data
A1: appointment_id | B1: patient_id | C1: gender | D1: age | E1: age_group | F1: appointment_type | G1: booking_date | H1: appointment_date | I1: appointment_day | J1: appointment_time | K1: booking_lead_days | L1: previous_appointments | M1: previous_no_shows | N1: reminder_sent | O1: reminder_channel | P1: distance_to_clinic_km | Q1: waiting_time_minutes | R1: appointment_outcome | S1: Extra_Column_1 (unlabeled in source) | T1: Extra_Column_2 (unlabeled in source) | U1: Dup_AppointmentID_Flag | V1: Dup_Booking_Flag (same patient+date+time) | W1: LeadDays_Check | X1: Weekday_Check | Y1: ReminderChannel_Logic_Check
A2: HC-00001 | B2: P-1613 | C2: Female | D2: 39 | E2: 35-44 | F2: Follow-up | G2: 45694 | H2: 45706 | I2: Tuesday | J2: Afternoon | K2: 12 | L2: 2 | M2: 0 | N2: Yes | O2: WhatsApp | P2: 19.3 | Q2: 29 | R2: No-Show | T2: 2423 | U2: =IF(COUNTIF($A$2:$A$5001,A2)>1,"Duplicate","Unique") -> Unique | V2: =IF(COUNTIFS($B$2:$B$5001,B2,$H$2:$H$5001,H2,$J$2:$J$5001,J2)>1,"Possible Duplicate Booking","Unique") -> Unique | W2: =IF((H2-G2)<>K2,"Mismatch","OK") -> OK | X2: =IF(TEXT(H2,"dddd")<>I2,"Mismatch","OK") -> OK | Y2: =IF(AND(N2="No",O2<>""),"Unexpected: channel present but no reminder sent",IF(AND(N2="Yes",O2=""),"Missing channel for sent reminder","OK")) -> OK
A3: HC-00002 | B3: P-0813 | C3: Male | D3: 31 | E3: 25-34 | F3: Specialist Consultation | G3: 46078 | H3: 46080 | I3: Friday | J3: Morning | K3: 2 | L3: 6 | M3: 0 | N3: Yes | O3: SMS | P3: 14.3 | Q3: 42 | R3: Attended | U3: =IF(COUNTIF($A$2:$A$5001,A3)>1,"Duplicate","Unique") -> Unique | V3: =IF(COUNTIFS($B$2:$B$5001,B3,$H$2:$H$5001,H3,$J$2:$J$5001,J3)>1,"Possible Duplicate Booking","Unique") -> Unique | W3: =IF((H3-G3)<>K3,"Mismatch","OK") -> OK | X3: =IF(TEXT(H3,"dddd")<>I3,"Mismatch","OK") -> OK | Y3: =IF(AND(N3="No",O3<>""),"Unexpected: channel present but no reminder sent",IF(AND(N3="Yes",O3=""),"Missing channel for sent reminder","OK")) -> OK
A4: HC-00003 | B4: P-1366 | C4: Female | D4: 50 | E4: 45-54 | F4: General Consultation | G4: 45977 | H4: 46015 | I4: Wednesday | J4: Morning | K4: 38 | L4: 5 | M4: 1 | N4: Yes | O4: SMS | P4: 11.4 | Q4: 11 | R4: No-Show | U4: =IF(COUNTIF($A$2:$A$5001,A4)>1,"Duplicate","Unique") -> Unique | V4: =IF(COUNTIFS($B$2:$B$5001,B4,$H$2:$H$5001,H4,$J$2:$J$5001,J4)>1,"Possible Duplicate Booking","Unique") -> Unique | W4: =IF((H4-G4)<>K4,"Mismatch","OK") -> OK | X4: =IF(TEXT(H4,"dddd")<>I4,"Mismatch","OK") -> OK | Y4: =IF(AND(N4="No",O4<>""),"Unexpected: channel present but no reminder sent",IF(AND(N4="Yes",O4=""),"Missing channel for sent reminder","OK")) -> OK
A5: HC-00004 | B5: P-1031 | C5: Male | D5: 59 | E5: 55-64 | F5: Follow-up | G5: 45856 | H5: 45897 | I5: Thursday | J5: Evening | K5: 41 | L5: 3 | M5: 1 | N5: Yes | O5: SMS | P5: 7.4 | Q5: 35 | R5: Attended | U5: =IF(COUNTIF($A$2:$A$5001,A5)>1,"Duplicate","Unique") -> Unique | V5: =IF(COUNTIFS($B$2:$B$5001,B5,$H$2:$H$5001,H5,$J$2:$J$5001,J5)>1,"Possible Duplicate Booking","Unique") -> Unique | W5: =IF((H5-G5)<>K5,"Mismatch","OK") -> OK | X5: =IF(TEXT(H5,"dddd")<>I5,"Mismatch","OK") -> OK | Y5: =IF(AND(N5="No",O5<>""),"Unexpected: channel present but no reminder sent",IF(AND(N5="Yes",O5=""),"Missing channel for sent reminder","OK")) -> OK
A6: HC-00005 | B6: P-1458 | C6: Female | D6: 34 | E6: 25-34 | F6: Follow-up | G6: 45847 | H6: 45894 | I6: Monday | J6: Afternoon | K6: 47 | L6: 3 | M6: 1 | N6: Yes | O6: Email | P6: 5.6 | Q6: 27 | R6: No-Show | U6: =IF(COUNTIF($A$2:$A$5001,A6)>1,"Duplicate","Unique") -> Unique | V6: =IF(COUNTIFS($B$2:$B$5001,B6,$H$2:$H$5001,H6,$J$2:$J$5001,J6)>1,"Possible Duplicate Booking","Unique") -> Unique | W6: =IF((H6-G6)<>K6,"Mismatch","OK") -> OK | X6: =IF(TEXT(H6,"dddd")<>I6,"Mismatch","OK") -> OK | Y6: =IF(AND(N6="No",O6<>""),"Unexpected: channel present but no reminder sent",IF(AND(N6="Yes",O6=""),"Missing channel for sent reminder","OK")) -> OK
A7: HC-00006 | B7: P-0523 | C7: Male | D7: 66 | E7: 65+ | F7: Specialist Consultation | G7: 46069 | H7: 46126 | I7: Tuesday | J7: Morning | K7: 57 | L7: 4 | M7: 2 | N7: No | P7: 3.1 | Q7: 36 | R7: No-Show | U7: =IF(COUNTIF($A$2:$A$5001,A7)>1,"Duplicate","Unique") -> Unique | V7: =IF(COUNTIFS($B$2:$B$5001,B7,$H$2:$H$5001,H7,$J$2:$J$5001,J7)>1,"Possible Duplicate Booking","Unique") -> Unique | W7: =IF((H7-G7)<>K7,"Mismatch","OK") -> OK | X7: =IF(TEXT(H7,"dddd")<>I7,"Mismatch","OK") -> OK | Y7: =IF(AND(N7="No",O7<>""),"Unexpected: channel present but no reminder sent",IF(AND(N7="Yes",O7=""),"Missing channel for sent reminder","OK")) -> OK
A8: HC-00007 | B8: P-0776 | C8: Male | D8: 58 | E8: 55-64 | F8: Diagnostic Test | G8: 45674 | H8: 45704 | I8: Sunday | J8: Afternoon | K8: 30 | L8: 4 | M8: 1 | N8: Yes | O8: WhatsApp | P8: 8.2 | Q8: 30 | R8: No-Show | U8: =IF(COUNTIF($A$2:$A$5001,A8)>1,"Duplicate","Unique") -> Unique | V8: =IF(COUNTIFS($B$2:$B$5001,B8,$H$2:$H$5001,H8,$J$2:$J$5001,J8)>1,"Possible Duplicate Booking","Unique") -> Unique | W8: =IF((H8-G8)<>K8,"Mismatch","OK") -> OK | X8: =IF(TEXT(H8,"dddd")<>I8,"Mismatch","OK") -> OK | Y8: =IF(AND(N8="No",O8<>""),"Unexpected: channel present but no reminder sent",IF(AND(N8="Yes",O8=""),"Missing channel for sent reminder","OK")) -> OK
A9: HC-00008 | B9: P-0927 | C9: Female | D9: 28 | E9: 25-34 | F9: Specialist Consultation | G9: 45988 | H9: 46038 | I9: Friday | J9: Afternoon | K9: 50 | L9: 6 | M9: 1 | N9: Yes | O9: SMS | P9: 19.2 | Q9: 21 | R9: Attended | U9: =IF(COUNTIF($A$2:$A$5001,A9)>1,"Duplicate","Unique") -> Unique | V9: =IF(COUNTIFS($B$2:$B$5001,B9,$H$2:$H$5001,H9,$J$2:$J$5001,J9)>1,"Possible Duplicate Booking","Unique") -> Unique | W9: =IF((H9-G9)<>K9,"Mismatch","OK") -> OK | X9: =IF(TEXT(H9,"dddd")<>I9,"Mismatch","OK") -> OK | Y9: =IF(AND(N9="No",O9<>""),"Unexpected: channel present but no reminder sent",IF(AND(N9="Yes",O9=""),"Missing channel for sent reminder","OK")) -> OK
A10: HC-00009 | B10: P-0388 | C10: Male | D10: 77 | E10: 65+ | F10: Follow-up | G10: 45725 | H10: 45768 | I10: Monday | J10: Afternoon | K10: 43 | L10: 3 | M10: 0 | N10: Yes | O10: SMS | P10: 10.1 | Q10: 27 | R10: No-Show | U10: =IF(COUNTIF($A$2:$A$5001,A10)>1,"Duplicate","Unique") -> Unique | V10: =IF(COUNTIFS($B$2:$B$5001,B10,$H$2:$H$5001,H10,$J$2:$J$5001,J10)>1,"Possible Duplicate Booking","Unique") -> Unique | W10: =IF((H10-G10)<>K10,"Mismatch","OK") -> OK | X10: =IF(TEXT(H10,"dddd")<>I10,"Mismatch","OK") -> OK | Y10: =IF(AND(N10="No",O10<>""),"Unexpected: channel present but no reminder sent",IF(AND(N10="Yes",O10=""),"Missing channel for sent reminder","OK")) -> OK
A11: HC-00010 | B11: P-0371 | C11: Female | D11: 20 | E11: 18-24 | F11: Follow-up | G11: 45693 | H11: 45709 | I11: Friday | J11: Afternoon | K11: 16 | L11: 2 | M11: 0 | N11: Yes | O11: SMS | P11: 28 | Q11: 20 | R11: Attended | U11: =IF(COUNTIF($A$2:$A$5001,A11)>1,"Duplicate","Unique") -> Unique | V11: =IF(COUNTIFS($B$2:$B$5001,B11,$H$2:$H$5001,H11,$J$2:$J$5001,J11)>1,"Possible Duplicate Booking","Unique") -> Unique | W11: =IF((H11-G11)<>K11,"Mismatch","OK") -> OK | X11: =IF(TEXT(H11,"dddd")<>I11,"Mismatch","OK") -> OK | Y11: =IF(AND(N11="No",O11<>""),"Unexpected: channel present but no reminder sent",IF(AND(N11="Yes",O11=""),"Missing channel for sent reminder","OK")) -> OK
A12: HC-00011 | B12: P-1070 | C12: Male | D12: 59 | E12: 55-64 | F12: Follow-up | G12: 45894 | H12: 45945 | I12: Wednesday | J12: Morning | K12: 51 | L12: 6 | M12: 1 | N12: Yes | O12: Email | P12: 12.8 | Q12: 33 | R12: No-Show | U12: =IF(COUNTIF($A$2:$A$5001,A12)>1,"Duplicate","Unique") -> Unique | V12: =IF(COUNTIFS($B$2:$B$5001,B12,$H$2:$H$5001,H12,$J$2:$J$5001,J12)>1,"Possible Duplicate Booking","Unique") -> Unique | W12: =IF((H12-G12)<>K12,"Mismatch","OK") -> OK | X12: =IF(TEXT(H12,"dddd")<>I12,"Mismatch","OK") -> OK | Y12: =IF(AND(N12="No",O12<>""),"Unexpected: channel present but no reminder sent",IF(AND(N12="Yes",O12=""),"Missing channel for sent reminder","OK")) -> OK
A13: HC-00012 | B13: P-0435 | C13: Female | D13: 45 | E13: 45-54 | F13: Follow-up | G13: 46187 | H13: 46190 | I13: Wednesday | J13: Morning | K13: 3 | L13: 6 | M13: 0 | N13: Yes | O13: Email | P13: 10.3 | Q13: 15 | R13: Cancelled | U13: =IF(COUNTIF($A$2:$A$5001,A13)>1,"Duplicate","Unique") -> Unique | V13: =IF(COUNTIFS($B$2:$B$5001,B13,$H$2:$H$5001,H13,$J$2:$J$5001,J13)>1,"Possible Duplicate Booking","Unique") -> Unique | W13: =IF((H13-G13)<>K13,"Mismatch","OK") -> OK | X13: =IF(TEXT(H13,"dddd")<>I13,"Mismatch","OK") -> OK | Y13: =IF(AND(N13="No",O13<>""),"Unexpected: channel present but no reminder sent",IF(AND(N13="Yes",O13=""),"Missing channel for sent reminder","OK")) -> OK
A14: HC-00013 | B14: P-0433 | C14: Male | D14: 59 | E14: 55-64 | F14: General Consultation | G14: 46023 | H14: 46059 | I14: Friday | J14: Morning | K14: 36 | L14: 2 | M14: 1 | N14: No | P14: 28.3 | Q14: 16 | R14: Cancelled | U14: =IF(COUNTIF($A$2:$A$5001,A14)>1,"Duplicate","Unique") -> Unique | V14: =IF(COUNTIFS($B$2:$B$5001,B14,$H$2:$H$5001,H14,$J$2:$J$5001,J14)>1,"Possible Duplicate Booking","Unique") -> Unique | W14: =IF((H14-G14)<>K14,"Mismatch","OK") -> OK | X14: =IF(TEXT(H14,"dddd")<>I14,"Mismatch","OK") -> OK | Y14: =IF(AND(N14="No",O14<>""),"Unexpected: channel present but no reminder sent",IF(AND(N14="Yes",O14=""),"Missing channel for sent reminder","OK")) -> OK
A15: HC-00014 | B15: P-0326 | C15: Female | D15: 66 | E15: 65+ | F15: Follow-up | G15: 46016 | H15: 46073 | I15: Friday | J15: Afternoon | K15: 57 | L15: 1 | M15: 0 | N15: No | P15: 5.5 | Q15: 22 | R15: Attended | U15: =IF(COUNTIF($A$2:$A$5001,A15)>1,"Duplicate","Unique") -> Unique | V15: =IF(COUNTIFS($B$2:$B$5001,B15,$H$2:$H$5001,H15,$J$2:$J$5001,J15)>1,"Possible Duplicate Booking","Unique") -> Unique | W15: =IF((H15-G15)<>K15,"Mismatch","OK") -> OK | X15: =IF(TEXT(H15,"dddd")<>I15,"Mismatch","OK") -> OK | Y15: =IF(AND(N15="No",O15<>""),"Unexpected: channel present but no reminder sent",IF(AND(N15="Yes",O15=""),"Missing channel for sent reminder","OK")) -> OK
A16: HC-00015 | B16: P-1342 | C16: Male | D16: 61 | E16: 55-64 | F16: Specialist Consultation | G16: 46009 | H16: 46049 | I16: Tuesday | J16: Afternoon | K16: 40 | L16: 3 | M16: 0 | N16: Yes | O16: SMS | P16: 6.6 | Q16: 31 | R16: Attended | U16: =IF(COUNTIF($A$2:$A$5001,A16)>1,"Duplicate","Unique") -> Unique | V16: =IF(COUNTIFS($B$2:$B$5001,B16,$H$2:$H$5001,H16,$J$2:$J$5001,J16)>1,"Possible Duplicate Booking","Unique") -> Unique | W16: =IF((H16-G16)<>K16,"Mismatch","OK") -> OK | X16: =IF(TEXT(H16,"dddd")<>I16,"Mismatch","OK") -> OK | Y16: =IF(AND(N16="No",O16<>""),"Unexpected: channel present but no reminder sent",IF(AND(N16="Yes",O16=""),"Missing channel for sent reminder","OK")) -> OK
A17: HC-00016 | B17: P-0353 | C17: Female | D17: 58 | E17: 55-64 | F17: Follow-up | G17: 46030 | H17: 46087 | I17: Friday | J17: Afternoon | K17: 57 | L17: 2 | M17: 0 | N17: Yes | O17: SMS | P17: 8.7 | Q17: 25 | R17: No-Show | U17: =IF(COUNTIF($A$2:$A$5001,A17)>1,"Duplicate","Unique") -> Unique | V17: =IF(COUNTIFS($B$2:$B$5001,B17,$H$2:$H$5001,H17,$J$2:$J$5001,J17)>1,"Possible Duplicate Booking","Unique") -> Unique | W17: =IF((H17-G17)<>K17,"Mismatch","OK") -> OK | X17: =IF(TEXT(H17,"dddd")<>I17,"Mismatch","OK") -> OK | Y17: =IF(AND(N17="No",O17<>""),"Unexpected: channel present but no reminder sent",IF(AND(N17="Yes",O17=""),"Missing channel for sent reminder","OK")) -> OK
A18: HC-00017 | B18: P-0930 | C18: Male | D18: 70 | E18: 65+ | F18: Specialist Consultation | G18: 45935 | H18: 45938 | I18: Wednesday | J18: Afternoon | K18: 3 | L18: 4 | M18: 3 | N18: No | P18: 13.8 | Q18: 20 | R18: Attended | U18: =IF(COUNTIF($A$2:$A$5001,A18)>1,"Duplicate","Unique") -> Unique | V18: =IF(COUNTIFS($B$2:$B$5001,B18,$H$2:$H$5001,H18,$J$2:$J$5001,J18)>1,"Possible Duplicate Booking","Unique") -> Unique | W18: =IF((H18-G18)<>K18,"Mismatch","OK") -> OK | X18: =IF(TEXT(H18,"dddd")<>I18,"Mismatch","OK") -> OK | Y18: =IF(AND(N18="No",O18<>""),"Unexpected: channel present but no reminder sent",IF(AND(N18="Yes",O18=""),"Missing channel for sent reminder","OK")) -> OK
A19: HC-00018 | B19: P-0859 | C19: Female | D19: 62 | E19: 55-64 | F19: Follow-up | G19: 45695 | H19: 45727 | I19: Tuesday | J19: Morning | K19: 32 | L19: 1 | M19: 0 | N19: Yes | O19: SMS | P19: 14 | Q19: 36 | R19: Attended | U19: =IF(COUNTIF($A$2:$A$5001,A19)>1,"Duplicate","Unique") -> Unique | V19: =IF(COUNTIFS($B$2:$B$5001,B19,$H$2:$H$5001,H19,$J$2:$J$5001,J19)>1,"Possible Duplicate Booking","Unique") -> Unique | W19: =IF((H19-G19)<>K19,"Mismatch","OK") -> OK | X19: =IF(TEXT(H19,"dddd")<>I19,"Mismatch","OK") -> OK | Y19: =IF(AND(N19="No",O19<>""),"Unexpected: channel present but no reminder sent",IF(AND(N19="Yes",O19=""),"Missing channel for sent reminder","OK")) -> OK
A20: HC-00019 | B20: P-0231 | C20: Female | D20: 69 | E20: 65+ | F20: General Consultation | G20: 46069 | H20: 46116 | I20: Saturday | J20: Morning | K20: 47 | L20: 3 | M20: 1 | N20: Yes | O20: WhatsApp | P20: 5.1 | Q20: 30 | R20: Attended | U20: =IF(COUNTIF($A$2:$A$5001,A20)>1,"Duplicate","Unique") -> Unique | V20: =IF(COUNTIFS($B$2:$B$5001,B20,$H$2:$H$5001,H20,$J$2:$J$5001,J20)>1,"Possible Duplicate Booking","Unique") -> Unique | W20: =IF((H20-G20)<>K20,"Mismatch","OK") -> OK | X20: =IF(TEXT(H20,"dddd")<>I20,"Mismatch","OK") -> OK | Y20: =IF(AND(N20="No",O20<>""),"Unexpected: channel present but no reminder sent",IF(AND(N20="Yes",O20=""),"Missing channel for sent reminder","OK")) -> OK
A21: HC-00020 | B21: P-0106 | C21: Male | D21: 43 | E21: 35-44 | F21: General Consultation | G21: 45864 | H21: 45903 | I21: Wednesday | J21: Morning | K21: 39 | L21: 4 | M21: 0 | N21: Yes | O21: WhatsApp | P21: 9.4 | Q21: 19 | R21: No-Show | U21: =IF(COUNTIF($A$2:$A$5001,A21)>1,"Duplicate","Unique") -> Unique | V21: =IF(COUNTIFS($B$2:$B$5001,B21,$H$2:$H$5001,H21,$J$2:$J$5001,J21)>1,"Possible Duplicate Booking","Unique") -> Unique | W21: =IF((H21-G21)<>K21,"Mismatch","OK") -> OK | X21: =IF(TEXT(H21,"dddd")<>I21,"Mismatch","OK") -> OK | Y21: =IF(AND(N21="No",O21<>""),"Unexpected: channel present but no reminder sent",IF(AND(N21="Yes",O21=""),"Missing channel for sent reminder","OK")) -> OK
A22: HC-00021 | B22: P-1330 | C22: Female | D22: 30 | E22: 25-34 | F22: General Consultation | G22: 45878 | H22: 45931 | I22: Wednesday | J22: Morning | K22: 53 | L22: 1 | M22: 0 | N22: Yes | O22: WhatsApp | P22: 19.9 | Q22: 13 | R22: Attended | U22: =IF(COUNTIF($A$2:$A$5001,A22)>1,"Duplicate","Unique") -> Unique | V22: =IF(COUNTIFS($B$2:$B$5001,B22,$H$2:$H$5001,H22,$J$2:$J$5001,J22)>1,"Possible Duplicate Booking","Unique") -> Unique | W22: =IF((H22-G22)<>K22,"Mismatch","OK") -> OK | X22: =IF(TEXT(H22,"dddd")<>I22,"Mismatch","OK") -> OK | Y22: =IF(AND(N22="No",O22<>""),"Unexpected: channel present but no reminder sent",IF(AND(N22="Yes",O22=""),"Missing channel for sent reminder","OK")) -> OK
A23: HC-00022 | B23: P-0597 | C23: Female | D23: 32 | E23: 25-34 | F23: General Consultation | G23: 45832 | H23: 45860 | I23: Tuesday | J23: Afternoon | K23: 28 | L23: 0 | M23: 0 | N23: No | P23: 2.9 | Q23: 22 | R23: Attended | U23: =IF(COUNTIF($A$2:$A$5001,A23)>1,"Duplicate","Unique") -> Unique | V23: =IF(COUNTIFS($B$2:$B$5001,B23,$H$2:$H$5001,H23,$J$2:$J$5001,J23)>1,"Possible Duplicate Booking","Unique") -> Unique | W23: =IF((H23-G23)<>K23,"Mismatch","OK") -> OK | X23: =IF(TEXT(H23,"dddd")<>I23,"Mismatch","OK") -> OK | Y23: =IF(AND(N23="No",O23<>""),"Unexpected: channel present but no reminder sent",IF(AND(N23="Yes",O23=""),"Missing channel for sent reminder","OK")) -> OK
A24: HC-00023 | B24: P-1623 | C24: Male | D24: 56 | E24: 55-64 | F24: Follow-up | G24: 45716 | H24: 45757 | I24: Thursday | J24: Evening | K24: 41 | L24: 2 | M24: 0 | N24: No | P24: 19.7 | Q24: 17 | R24: No-Show | U24: =IF(COUNTIF($A$2:$A$5001,A24)>1,"Duplicate","Unique") -> Unique | V24: =IF(COUNTIFS($B$2:$B$5001,B24,$H$2:$H$5001,H24,$J$2:$J$5001,J24)>1,"Possible Duplicate Booking","Unique") -> Unique | W24: =IF((H24-G24)<>K24,"Mismatch","OK") -> OK | X24: =IF(TEXT(H24,"dddd")<>I24,"Mismatch","OK") -> OK | Y24: =IF(AND(N24="No",O24<>""),"Unexpected: channel present but no reminder sent",IF(AND(N24="Yes",O24=""),"Missing channel for sent reminder","OK")) -> OK
A25: HC-00024 | B25: P-0863 | C25: Female | D25: 51 | E25: 45-54 | F25: General Consultation | G25: 46139 | H25: 46164 | I25: Friday | J25: Morning | K25: 25 | L25: 0 | M25: 0 | N25: No | P25: 11.2 | Q25: 16 | R25: Attended | U25: =IF(COUNTIF($A$2:$A$5001,A25)>1,"Duplicate","Unique") -> Unique | V25: =IF(COUNTIFS($B$2:$B$5001,B25,$H$2:$H$5001,H25,$J$2:$J$5001,J25)>1,"Possible Duplicate Booking","Unique") -> Unique | W25: =IF((H25-G25)<>K25,"Mismatch","OK") -> OK | X25: =IF(TEXT(H25,"dddd")<>I25,"Mismatch","OK") -> OK | Y25: =IF(AND(N25="No",O25<>""),"Unexpected: channel present but no reminder sent",IF(AND(N25="Yes",O25=""),"Missing channel for sent reminder","OK")) -> OK
A26: HC-00025 | B26: P-0623 | C26: Male | D26: 22 | E26: 18-24 | F26: General Consultation | G26: 46031 | H26: 46084 | I26: Tuesday | J26: Afternoon | K26: 53 | L26: 6 | M26: 1 | N26: No | P26: 11.1 | Q26: 32 | R26: Attended | U26: =IF(COUNTIF($A$2:$A$5001,A26)>1,"Duplicate","Unique") -> Unique | V26: =IF(COUNTIFS($B$2:$B$5001,B26,$H$2:$H$5001,H26,$J$2:$J$5001,J26)>1,"Possible Duplicate Booking","Unique") -> Unique | W26: =IF((H26-G26)<>K26,"Mismatch","OK") -> OK | X26: =IF(TEXT(H26,"dddd")<>I26,"Mismatch","OK") -> OK | Y26: =IF(AND(N26="No",O26<>""),"Unexpected: channel present but no reminder sent",IF(AND(N26="Yes",O26=""),"Missing channel for sent reminder","OK")) -> OK
A27: HC-00026 | B27: P-0270 | C27: Female | D27: 30 | E27: 25-34 | F27: General Consultation | G27: 46002 | H27: 46009 | I27: Thursday | J27: Morning | K27: 7 | L27: 2 | M27: 0 | N27: No | P27: 5.7 | Q27: 36 | R27: No-Show | U27: =IF(COUNTIF($A$2:$A$5001,A27)>1,"Duplicate","Unique") -> Unique | V27: =IF(COUNTIFS($B$2:$B$5001,B27,$H$2:$H$5001,H27,$J$2:$J$5001,J27)>1,"Possible Duplicate Booking","Unique") -> Unique | W27: =IF((H27-G27)<>K27,"Mismatch","OK") -> OK | X27: =IF(TEXT(H27,"dddd")<>I27,"Mismatch","OK") -> OK | Y27: =IF(AND(N27="No",O27<>""),"Unexpected: channel present but no reminder sent",IF(AND(N27="Yes",O27=""),"Missing channel for sent reminder","OK")) -> OK
A28: HC-00027 | B28: P-0224 | C28: Male | D28: 78 | E28: 65+ | F28: Specialist Consultation | G28: 45862 | H28: 45877 | I28: Friday | J28: Afternoon | K28: 15 | L28: 4 | M28: 0 | N28: Yes | O28: SMS | P28: 13.3 | Q28: 23 | R28: Attended | U28: =IF(COUNTIF($A$2:$A$5001,A28)>1,"Duplicate","Unique") -> Unique | V28: =IF(COUNTIFS($B$2:$B$5001,B28,$H$2:$H$5001,H28,$J$2:$J$5001,J28)>1,"Possible Duplicate Booking","Unique") -> Unique | W28: =IF((H28-G28)<>K28,"Mismatch","OK") -> OK | X28: =IF(TEXT(H28,"dddd")<>I28,"Mismatch","OK") -> OK | Y28: =IF(AND(N28="No",O28<>""),"Unexpected: channel present but no reminder sent",IF(AND(N28="Yes",O28=""),"Missing channel for sent reminder","OK")) -> OK
A29: HC-00028 | B29: P-0640 | C29: Male | D29: 63 | E29: 55-64 | F29: Specialist Consultation | G29: 46102 | H29: 46107 | I29: Thursday | J29: Morning | K29: 5 | L29: 5 | M29: 0 | N29: Yes | O29: WhatsApp | P29: 5.3 | Q29: 24 | R29: Attended | U29: =IF(COUNTIF($A$2:$A$5001,A29)>1,"Duplicate","Unique") -> Unique | V29: =IF(COUNTIFS($B$2:$B$5001,B29,$H$2:$H$5001,H29,$J$2:$J$5001,J29)>1,"Possible Duplicate Booking","Unique") -> Unique | W29: =IF((H29-G29)<>K29,"Mismatch","OK") -> OK | X29: =IF(TEXT(H29,"dddd")<>I29,"Mismatch","OK") -> OK | Y29: =IF(AND(N29="No",O29<>""),"Unexpected: channel present but no reminder sent",IF(AND(N29="Yes",O29=""),"Missing channel for sent reminder","OK")) -> OK
A30: HC-00029 | B30: P-0415 | C30: Female | D30: 65 | E30: 65+ | F30: General Consultation | G30: 45913 | H30: 45955 | I30: Saturday | J30: Afternoon | K30: 42 | L30: 0 | M30: 0 | N30: Yes | O30: WhatsApp | P30: 4.1 | Q30: 16 | R30: Cancelled | U30: =IF(COUNTIF($A$2:$A$5001,A30)>1,"Duplicate","Unique") -> Unique | V30: =IF(COUNTIFS($B$2:$B$5001,B30,$H$2:$H$5001,H30,$J$2:$J$5001,J30)>1,"Possible Duplicate Booking","Unique") -> Unique | W30: =IF((H30-G30)<>K30,"Mismatch","OK") -> OK | X30: =IF(TEXT(H30,"dddd")<>I30,"Mismatch","OK") -> OK | Y30: =IF(AND(N30="No",O30<>""),"Unexpected: channel present but no reminder sent",IF(AND(N30="Yes",O30=""),"Missing channel for sent reminder","OK")) -> OK
A31: HC-00030 | B31: P-0983 | C31: Female | D31: 30 | E31: 25-34 | F31: General Consultation | G31: 45886 | H31: 45900 | I31: Sunday | J31: Morning | K31: 14 | L31: 2 | M31: 1 | N31: No | P31: 5 | Q31: 12 | R31: No-Show | U31: =IF(COUNTIF($A$2:$A$5001,A31)>1,"Duplicate","Unique") -> Unique | V31: =IF(COUNTIFS($B$2:$B$5001,B31,$H$2:$H$5001,H31,$J$2:$J$5001,J31)>1,"Possible Duplicate Booking","Unique") -> Unique | W31: =IF((H31-G31)<>K31,"Mismatch","OK") -> OK | X31: =IF(TEXT(H31,"dddd")<>I31,"Mismatch","OK") -> OK | Y31: =IF(AND(N31="No",O31<>""),"Unexpected: channel present but no reminder sent",IF(AND(N31="Yes",O31=""),"Missing channel for sent reminder","OK")) -> OK
A32: HC-00031 | B32: P-0020 | C32: Male | D32: 22 | E32: 18-24 | F32: General Consultation | G32: 45884 | H32: 45903 | I32: Wednesday | J32: Morning | K32: 19 | L32: 1 | M32: 0 | N32: Yes | O32: SMS | P32: 8.9 | Q32: 33 | R32: Attended | U32: =IF(COUNTIF($A$2:$A$5001,A32)>1,"Duplicate","Unique") -> Unique | V32: =IF(COUNTIFS($B$2:$B$5001,B32,$H$2:$H$5001,H32,$J$2:$J$5001,J32)>1,"Possible Duplicate Booking","Unique") -> Unique | W32: =IF((H32-G32)<>K32,"Mismatch","OK") -> OK | X32: =IF(TEXT(H32,"dddd")<>I32,"Mismatch","OK") -> OK | Y32: =IF(AND(N32="No",O32<>""),"Unexpected: channel present but no reminder sent",IF(AND(N32="Yes",O32=""),"Missing channel for sent reminder","OK")) -> OK
A33: HC-00032 | B33: P-1631 | C33: Male | D33: 36 | E33: 35-44 | F33: General Consultation | G33: 45731 | H33: 45782 | I33: Monday | J33: Afternoon | K33: 51 | L33: 1 | M33: 0 | N33: Yes | O33: SMS | P33: 9.3 | Q33: 10 | R33: Cancelled | U33: =IF(COUNTIF($A$2:$A$5001,A33)>1,"Duplicate","Unique") -> Unique | V33: =IF(COUNTIFS($B$2:$B$5001,B33,$H$2:$H$5001,H33,$J$2:$J$5001,J33)>1,"Possible Duplicate Booking","Unique") -> Unique | W33: =IF((H33-G33)<>K33,"Mismatch","OK") -> OK | X33: =IF(TEXT(H33,"dddd")<>I33,"Mismatch","OK") -> OK | Y33: =IF(AND(N33="No",O33<>""),"Unexpected: channel present but no reminder sent",IF(AND(N33="Yes",O33=""),"Missing channel for sent reminder","OK")) -> OK
A34: HC-00033 | B34: P-0816 | C34: Female | D34: 71 | E34: 65+ | F34: General Consultation | G34: 45687 | H34: 45708 | I34: Thursday | J34: Morning | K34: 21 | L34: 3 | M34: 1 | N34: Yes | O34: SMS | P34: 11.5 | Q34: 17 | R34: Attended | U34: =IF(COUNTIF($A$2:$A$5001,A34)>1,"Duplicate","Unique") -> Unique | V34: =IF(COUNTIFS($B$2:$B$5001,B34,$H$2:$H$5001,H34,$J$2:$J$5001,J34)>1,"Possible Duplicate Booking","Unique") -> Unique | W34: =IF((H34-G34)<>K34,"Mismatch","OK") -> OK | X34: =IF(TEXT(H34,"dddd")<>I34,"Mismatch","OK") -> OK | Y34: =IF(AND(N34="No",O34<>""),"Unexpected: channel present but no reminder sent",IF(AND(N34="Yes",O34=""),"Missing channel for sent reminder","OK")) -> OK
A35: HC-00034 | B35: P-0581 | C35: Female | D35: 49 | E35: 45-54 | F35: General Consultation | G35: 45952 | H35: 45960 | I35: Thursday | J35: Afternoon | K35: 8 | L35: 3 | M35: 0 | N35: Yes | O35: Email | P35: 8.2 | Q35: 17 | R35: No-Show | U35: =IF(COUNTIF($A$2:$A$5001,A35)>1,"Duplicate","Unique") -> Unique | V35: =IF(COUNTIFS($B$2:$B$5001,B35,$H$2:$H$5001,H35,$J$2:$J$5001,J35)>1,"Possible Duplicate Booking","Unique") -> Unique | W35: =IF((H35-G35)<>K35,"Mismatch","OK") -> OK | X35: =IF(TEXT(H35,"dddd")<>I35,"Mismatch","OK") -> OK | Y35: =IF(AND(N35="No",O35<>""),"Unexpected: channel present but no reminder sent",IF(AND(N35="Yes",O35=""),"Missing channel for sent reminder","OK")) -> OK
A36: HC-00035 | B36: P-0074 | C36: Female | D36: 67 | E36: 65+ | F36: General Consultation | G36: 46141 | H36: 46142 | I36: Thursday | J36: Morning | K36: 1 | L36: 2 | M36: 0 | N36: Yes | O36: SMS | P36: 7.5 | Q36: 29 | R36: Attended | U36: =IF(COUNTIF($A$2:$A$5001,A36)>1,"Duplicate","Unique") -> Unique | V36: =IF(COUNTIFS($B$2:$B$5001,B36,$H$2:$H$5001,H36,$J$2:$J$5001,J36)>1,"Possible Duplicate Booking","Unique") -> Unique | W36: =IF((H36-G36)<>K36,"Mismatch","OK") -> OK | X36: =IF(TEXT(H36,"dddd")<>I36,"Mismatch","OK") -> OK | Y36: =IF(AND(N36="No",O36<>""),"Unexpected: channel present but no reminder sent",IF(AND(N36="Yes",O36=""),"Missing channel for sent reminder","OK")) -> OK
A37: HC-00036 | B37: P-0010 | C37: Male | D37: 48 | E37: 45-54 | F37: Diagnostic Test | G37: 45679 | H37: 45692 | I37: Tuesday | J37: Evening | K37: 13 | L37: 4 | M37: 1 | N37: Yes | O37: SMS | P37: 1.5 | Q37: 22 | R37: Attended | U37: =IF(COUNTIF($A$2:$A$5001,A37)>1,"Duplicate","Unique") -> Unique | V37: =IF(COUNTIFS($B$2:$B$5001,B37,$H$2:$H$5001,H37,$J$2:$J$5001,J37)>1,"Possible Duplicate Booking","Unique") -> Unique | W37: =IF((H37-G37)<>K37,"Mismatch","OK") -> OK | X37: =IF(TEXT(H37,"dddd")<>I37,"Mismatch","OK") -> OK | Y37: =IF(AND(N37="No",O37<>""),"Unexpected: channel present but no reminder sent",IF(AND(N37="Yes",O37=""),"Missing channel for sent reminder","OK")) -> OK
A38: HC-00037 | B38: P-0343 | C38: Male | D38: 48 | E38: 45-54 | F38: Follow-up | G38: 46071 | H38: 46126 | I38: Tuesday | J38: Morning | K38: 55 | L38: 5 | M38: 2 | N38: Yes | O38: SMS | P38: 22.6 | Q38: 18 | R38: No-Show | U38: =IF(COUNTIF($A$2:$A$5001,A38)>1,"Duplicate","Unique") -> Unique | V38: =IF(COUNTIFS($B$2:$B$5001,B38,$H$2:$H$5001,H38,$J$2:$J$5001,J38)>1,"Possible Duplicate Booking","Unique") -> Unique | W38: =IF((H38-G38)<>K38,"Mismatch","OK") -> OK | X38: =IF(TEXT(H38,"dddd")<>I38,"Mismatch","OK") -> OK | Y38: =IF(AND(N38="No",O38<>""),"Unexpected: channel present but no reminder sent",IF(AND(N38="Yes",O38=""),"Missing channel for sent reminder","OK")) -> OK
A39: HC-00038 | B39: P-1214 | C39: Female | D39: 55 | E39: 55-64 | F39: Specialist Consultation | G39: 46076 | H39: 46109 | I39: Saturday | J39: Afternoon | K39: 33 | L39: 1 | M39: 1 | N39: Yes | O39: SMS | P39: 7.1 | Q39: 39 | R39: Cancelled | U39: =IF(COUNTIF($A$2:$A$5001,A39)>1,"Duplicate","Unique") -> Unique | V39: =IF(COUNTIFS($B$2:$B$5001,B39,$H$2:$H$5001,H39,$J$2:$J$5001,J39)>1,"Possible Duplicate Booking","Unique") -> Possible Duplicate Booking | W39: =IF((H39-G39)<>K39,"Mismatch","OK") -> OK | X39: =IF(TEXT(H39,"dddd")<>I39,"Mismatch","OK") -> OK | Y39: =IF(AND(N39="No",O39<>""),"Unexpected: channel present but no reminder sent",IF(AND(N39="Yes",O39=""),"Missing channel for sent reminder","OK")) -> OK
A40: HC-00039 | B40: P-0072 | C40: Male | D40: 78 | E40: 65+ | F40: General Consultation | G40: 45749 | H40: 45809 | I40: Sunday | J40: Afternoon | K40: 60 | L40: 6 | M40: 1 | N40: Yes | O40: SMS | Q40: 42 | R40: Cancelled | U40: =IF(COUNTIF($A$2:$A$5001,A40)>1,"Duplicate","Unique") -> Unique | V40: =IF(COUNTIFS($B$2:$B$5001,B40,$H$2:$H$5001,H40,$J$2:$J$5001,J40)>1,"Possible Duplicate Booking","Unique") -> Unique | W40: =IF((H40-G40)<>K40,"Mismatch","OK") -> OK | X40: =IF(TEXT(H40,"dddd")<>I40,"Mismatch","OK") -> OK | Y40: =IF(AND(N40="No",O40<>""),"Unexpected: channel present but no reminder sent",IF(AND(N40="Yes",O40=""),"Missing channel for sent reminder","OK")) -> OK
A41: HC-00040 | B41: P-1727 | C41: Male | D41: 45 | E41: 45-54 | F41: General Consultation | G41: 45989 | H41: 46002 | I41: Thursday | J41: Afternoon | K41: 13 | L41: 5 | M41: 0 | N41: Yes | O41: SMS | P41: 25.6 | Q41: 28 | R41: Attended | U41: =IF(COUNTIF($A$2:$A$5001,A41)>1,"Duplicate","Unique") -> Unique | V41: =IF(COUNTIFS($B$2:$B$5001,B41,$H$2:$H$5001,H41,$J$2:$J$5001,J41)>1,"Possible Duplicate Booking","Unique") -> Unique | W41: =IF((H41-G41)<>K41,"Mismatch","OK") -> OK | X41: =IF(TEXT(H41,"dddd")<>I41,"Mismatch","OK") -> OK | Y41: =IF(AND(N41="No",O41<>""),"Unexpected: channel present but no reminder sent",IF(AND(N41="Yes",O41=""),"Missing channel for sent reminder","OK")) -> OK
A42: HC-00041 | B42: P-0183 | C42: Male | D42: 55 | E42: 55-64 | F42: Diagnostic Test | G42: 45727 | H42: 45748 | I42: Tuesday | J42: Morning | K42: 21 | L42: 1 | M42: 0 | N42: Yes | O42: SMS | P42: 15.4 | Q42: 26 | R42: Attended | U42: =IF(COUNTIF($A$2:$A$5001,A42)>1,"Duplicate","Unique") -> Unique | V42: =IF(COUNTIFS($B$2:$B$5001,B42,$H$2:$H$5001,H42,$J$2:$J$5001,J42)>1,"Possible Duplicate Booking","Unique") -> Unique | W42: =IF((H42-G42)<>K42,"Mismatch","OK") -> OK | X42: =IF(TEXT(H42,"dddd")<>I42,"Mismatch","OK") -> OK | Y42: =IF(AND(N42="No",O42<>""),"Unexpected: channel present but no reminder sent",IF(AND(N42="Yes",O42=""),"Missing channel for sent reminder","OK")) -> OK
A43: HC-00042 | B43: P-1780 | C43: Female | D43: 75 | E43: 65+ | F43: General Consultation | G43: 46062 | H43: 46071 | I43: Wednesday | J43: Afternoon | K43: 9 | L43: 5 | M43: 0 | N43: No | P43: 1.4 | Q43: 18 | R43: Attended | U43: =IF(COUNTIF($A$2:$A$5001,A43)>1,"Duplicate","Unique") -> Unique | V43: =IF(COUNTIFS($B$2:$B$5001,B43,$H$2:$H$5001,H43,$J$2:$J$5001,J43)>1,"Possible Duplicate Booking","Unique") -> Unique | W43: =IF((H43-G43)<>K43,"Mismatch","OK") -> OK | X43: =IF(TEXT(H43,"dddd")<>I43,"Mismatch","OK") -> OK | Y43: =IF(AND(N43="No",O43<>""),"Unexpected: channel present but no reminder sent",IF(AND(N43="Yes",O43=""),"Missing channel for sent reminder","OK")) -> OK
A44: HC-00043 | B44: P-0612 | C44: Female | D44: 41 | E44: 35-44 | F44: Follow-up | G44: 46016 | H44: 46040 | I44: Sunday | J44: Morning | K44: 24 | L44: 2 | M44: 1 | N44: No | P44: 3.6 | Q44: 24 | R44: Attended | U44: =IF(COUNTIF($A$2:$A$5001,A44)>1,"Duplicate","Unique") -> Unique | V44: =IF(COUNTIFS($B$2:$B$5001,B44,$H$2:$H$5001,H44,$J$2:$J$5001,J44)>1,"Possible Duplicate Booking","Unique") -> Unique | W44: =IF((H44-G44)<>K44,"Mismatch","OK") -> OK | X44: =IF(TEXT(H44,"dddd")<>I44,"Mismatch","OK") -> OK | Y44: =IF(AND(N44="No",O44<>""),"Unexpected: channel present but no reminder sent",IF(AND(N44="Yes",O44=""),"Missing channel for sent reminder","OK")) -> OK
A45: HC-00044 | B45: P-0834 | C45: Female | D45: 70 | E45: 65+ | F45: Diagnostic Test | G45: 45817 | H45: 45851 | I45: Sunday | J45: Afternoon | K45: 34 | L45: 2 | M45: 0 | N45: Yes | O45: SMS | P45: 2.6 | Q45: 11 | R45: No-Show | U45: =IF(COUNTIF($A$2:$A$5001,A45)>1,"Duplicate","Unique") -> Unique | V45: =IF(COUNTIFS($B$2:$B$5001,B45,$H$2:$H$5001,H45,$J$2:$J$5001,J45)>1,"Possible Duplicate Booking","Unique") -> Unique | W45: =IF((H45-G45)<>K45,"Mismatch","OK") -> OK | X45: =IF(TEXT(H45,"dddd")<>I45,"Mismatch","OK") -> OK | Y45: =IF(AND(N45="No",O45<>""),"Unexpected: channel present but no reminder sent",IF(AND(N45="Yes",O45=""),"Missing channel for sent reminder","OK")) -> OK
A46: HC-00045 | B46: P-1320 | C46: Male | D46: 51 | E46: 45-54 | F46: Follow-up | G46: 45646 | H46: 45695 | I46: Friday | J46: Morning | K46: 49 | L46: 4 | M46: 0 | N46: Yes | O46: WhatsApp | P46: 12.8 | Q46: 35 | R46: Attended | U46: =IF(COUNTIF($A$2:$A$5001,A46)>1,"Duplicate","Unique") -> Unique | V46: =IF(COUNTIFS($B$2:$B$5001,B46,$H$2:$H$5001,H46,$J$2:$J$5001,J46)>1,"Possible Duplicate Booking","Unique") -> Unique | W46: =IF((H46-G46)<>K46,"Mismatch","OK") -> OK | X46: =IF(TEXT(H46,"dddd")<>I46,"Mismatch","OK") -> OK | Y46: =IF(AND(N46="No",O46<>""),"Unexpected: channel present but no reminder sent",IF(AND(N46="Yes",O46=""),"Missing channel for sent reminder","OK")) -> OK
A47: HC-00046 | B47: P-0317 | C47: Female | D47: 73 | E47: 65+ | F47: General Consultation | G47: 46166 | H47: 46188 | I47: Monday | J47: Afternoon | K47: 22 | L47: 2 | M47: 0 | N47: Yes | O47: WhatsApp | P47: 6 | Q47: 23 | R47: Attended | U47: =IF(COUNTIF($A$2:$A$5001,A47)>1,"Duplicate","Unique") -> Unique | V47: =IF(COUNTIFS($B$2:$B$5001,B47,$H$2:$H$5001,H47,$J$2:$J$5001,J47)>1,"Possible Duplicate Booking","Unique") -> Unique | W47: =IF((H47-G47)<>K47,"Mismatch","OK") -> OK | X47: =IF(TEXT(H47,"dddd")<>I47,"Mismatch","OK") -> OK | Y47: =IF(AND(N47="No",O47<>""),"Unexpected: channel present but no reminder sent",IF(AND(N47="Yes",O47=""),"Missing channel for sent reminder","OK")) -> OK
A48: HC-00047 | B48: P-0276 | C48: Female | D48: 47 | E48: 45-54 | F48: Follow-up | G48: 45854 | H48: 45901 | I48: Monday | J48: Afternoon | K48: 47 | L48: 4 | M48: 2 | N48: No | P48: 2.4 | Q48: 16 | R48: Attended | U48: =IF(COUNTIF($A$2:$A$5001,A48)>1,"Duplicate","Unique") -> Unique | V48: =IF(COUNTIFS($B$2:$B$5001,B48,$H$2:$H$5001,H48,$J$2:$J$5001,J48)>1,"Possible Duplicate Booking","Unique") -> Unique | W48: =IF((H48-G48)<>K48,"Mismatch","OK") -> OK | X48: =IF(TEXT(H48,"dddd")<>I48,"Mismatch","OK") -> OK | Y48: =IF(AND(N48="No",O48<>""),"Unexpected: channel present but no reminder sent",IF(AND(N48="Yes",O48=""),"Missing channel for sent reminder","OK")) -> OK
A49: HC-00048 | B49: P-1213 | C49: Male | D49: 57 | E49: 55-64 | F49: General Consultation | G49: 46107 | H49: 46145 | I49: Sunday | J49: Morning | K49: 38 | L49: 3 | M49: 0 | N49: Yes | O49: WhatsApp | P49: 2.6 | Q49: 20 | R49: Attended | U49: =IF(COUNTIF($A$2:$A$5001,A49)>1,"Duplicate","Unique") -> Unique | V49: =IF(COUNTIFS($B$2:$B$5001,B49,$H$2:$H$5001,H49,$J$2:$J$5001,J49)>1,"Possible Duplicate Booking","Unique") -> Unique | W49: =IF((H49-G49)<>K49,"Mismatch","OK") -> OK | X49: =IF(TEXT(H49,"dddd")<>I49,"Mismatch","OK") -> OK | Y49: =IF(AND(N49="No",O49<>""),"Unexpected: channel present but no reminder sent",IF(AND(N49="Yes",O49=""),"Missing channel for sent reminder","OK")) -> OK
A50: HC-00049 | B50: P-0913 | C50: Male | D50: 38 | E50: 35-44 | F50: General Consultation | G50: 46011 | H50: 46028 | I50: Tuesday | J50: Morning | K50: 17 | L50: 3 | M50: 0 | N50: Yes | O50: SMS | P50: 4.8 | Q50: 32 | R50: Attended | U50: =IF(COUNTIF($A$2:$A$5001,A50)>1,"Duplicate","Unique") -> Unique | V50: =IF(COUNTIFS($B$2:$B$5001,B50,$H$2:$H$5001,H50,$J$2:$J$5001,J50)>1,"Possible Duplicate Booking","Unique") -> Unique | W50: =IF((H50-G50)<>K50,"Mismatch","OK") -> OK | X50: =IF(TEXT(H50,"dddd")<>I50,"Mismatch","OK") -> OK | Y50: =IF(AND(N50="No",O50<>""),"Unexpected: channel present but no reminder sent",IF(AND(N50="Yes",O50=""),"Missing channel for sent reminder","OK")) -> OK
A51: HC-00050 | B51: P-1454 | C51: Female | D51: 58 | E51: 55-64 | F51: General Consultation | G51: 46027 | H51: 46082 | I51: Sunday | J51: Morning | K51: 55 | L51: 3 | M51: 0 | N51: Yes | O51: Email | P51: 2.6 | Q51: 21 | R51: No-Show | U51: =IF(COUNTIF($A$2:$A$5001,A51)>1,"Duplicate","Unique") -> Unique | V51: =IF(COUNTIFS($B$2:$B$5001,B51,$H$2:$H$5001,H51,$J$2:$J$5001,J51)>1,"Possible Duplicate Booking","Unique") -> Unique | W51: =IF((H51-G51)<>K51,"Mismatch","OK") -> OK | X51: =IF(TEXT(H51,"dddd")<>I51,"Mismatch","OK") -> OK | Y51: =IF(AND(N51="No",O51<>""),"Unexpected: channel present but no reminder sent",IF(AND(N51="Yes",O51=""),"Missing channel for sent reminder","OK")) -> OK
A52: HC-00051 | B52: P-0843 | C52: Female | D52: 38 | E52: 35-44 | F52: Diagnostic Test | G52: 46046 | H52: 46072 | I52: Thursday | J52: Afternoon | K52: 26 | L52: 4 | M52: 0 | N52: No | P52: 8.3 | Q52: 15 | R52: No-Show | U52: =IF(COUNTIF($A$2:$A$5001,A52)>1,"Duplicate","Unique") -> Unique | V52: =IF(COUNTIFS($B$2:$B$5001,B52,$H$2:$H$5001,H52,$J$2:$J$5001,J52)>1,"Possible Duplicate Booking","Unique") -> Unique | W52: =IF((H52-G52)<>K52,"Mismatch","OK") -> OK | X52: =IF(TEXT(H52,"dddd")<>I52,"Mismatch","OK") -> OK | Y52: =IF(AND(N52="No",O52<>""),"Unexpected: channel present but no reminder sent",IF(AND(N52="Yes",O52=""),"Missing channel for sent reminder","OK")) -> OK
A53: HC-00052 | B53: P-1002 | C53: Female | D53: 56 | E53: 55-64 | F53: Follow-up | G53: 45755 | H53: 45764 | I53: Thursday | J53: Morning | K53: 9 | L53: 1 | M53: 0 | N53: Yes | O53: SMS | P53: 8.8 | Q53: 2 | R53: Attended | U53: =IF(COUNTIF($A$2:$A$5001,A53)>1,"Duplicate","Unique") -> Unique | V53: =IF(COUNTIFS($B$2:$B$5001,B53,$H$2:$H$5001,H53,$J$2:$J$5001,J53)>1,"Possible Duplicate Booking","Unique") -> Unique | W53: =IF((H53-G53)<>K53,"Mismatch","OK") -> OK | X53: =IF(TEXT(H53,"dddd")<>I53,"Mismatch","OK") -> OK | Y53: =IF(AND(N53="No",O53<>""),"Unexpected: channel present but no reminder sent",IF(AND(N53="Yes",O53=""),"Missing channel for sent reminder","OK")) -> OK
A54: HC-00053 | B54: P-0584 | C54: Female | D54: 67 | E54: 65+ | F54: General Consultation | G54: 45798 | H54: 45856 | I54: Friday | J54: Afternoon | K54: 58 | L54: 3 | M54: 2 | N54: Yes | O54: SMS | P54: 7.5 | Q54: 23 | R54: No-Show | U54: =IF(COUNTIF($A$2:$A$5001,A54)>1,"Duplicate","Unique") -> Unique | V54: =IF(COUNTIFS($B$2:$B$5001,B54,$H$2:$H$5001,H54,$J$2:$J$5001,J54)>1,"Possible Duplicate Booking","Unique") -> Unique | W54: =IF((H54-G54)<>K54,"Mismatch","OK") -> OK | X54: =IF(TEXT(H54,"dddd")<>I54,"Mismatch","OK") -> OK | Y54: =IF(AND(N54="No",O54<>""),"Unexpected: channel present but no reminder sent",IF(AND(N54="Yes",O54=""),"Missing channel for sent reminder","OK")) -> OK
A55: HC-00054 | B55: P-0633 | C55: Female | D55: 45 | E55: 45-54 | F55: General Consultation | G55: 45857 | H55: 45912 | I55: Friday | J55: Afternoon | K55: 55 | L55: 4 | M55: 1 | N55: Yes | O55: Email | P55: 2.5 | Q55: 28 | R55: Attended | U55: =IF(COUNTIF($A$2:$A$5001,A55)>1,"Duplicate","Unique") -> Unique | V55: =IF(COUNTIFS($B$2:$B$5001,B55,$H$2:$H$5001,H55,$J$2:$J$5001,J55)>1,"Possible Duplicate Booking","Unique") -> Unique | W55: =IF((H55-G55)<>K55,"Mismatch","OK") -> OK | X55: =IF(TEXT(H55,"dddd")<>I55,"Mismatch","OK") -> OK | Y55: =IF(AND(N55="No",O55<>""),"Unexpected: channel present but no reminder sent",IF(AND(N55="Yes",O55=""),"Missing channel for sent reminder","OK")) -> OK
A56: HC-00055 | B56: P-1767 | C56: Female | D56: 45 | E56: 45-54 | F56: Follow-up | G56: 45926 | H56: 45929 | I56: Monday | J56: Evening | K56: 3 | L56: 2 | M56: 0 | N56: No | P56: 11.3 | R56: Attended | U56: =IF(COUNTIF($A$2:$A$5001,A56)>1,"Duplicate","Unique") -> Unique | V56: =IF(COUNTIFS($B$2:$B$5001,B56,$H$2:$H$5001,H56,$J$2:$J$5001,J56)>1,"Possible Duplicate Booking","Unique") -> Unique | W56: =IF((H56-G56)<>K56,"Mismatch","OK") -> OK | X56: =IF(TEXT(H56,"dddd")<>I56,"Mismatch","OK") -> OK | Y56: =IF(AND(N56="No",O56<>""),"Unexpected: channel present but no reminder sent",IF(AND(N56="Yes",O56=""),"Missing channel for sent reminder","OK")) -> OK
A57: HC-00056 | B57: P-0601 | C57: Female | D57: 38 | E57: 35-44 | F57: Diagnostic Test | G57: 45626 | H57: 45681 | I57: Friday | J57: Morning | K57: 55 | L57: 4 | M57: 1 | N57: Yes | O57: WhatsApp | P57: 4.7 | Q57: 15 | R57: No-Show | U57: =IF(COUNTIF($A$2:$A$5001,A57)>1,"Duplicate","Unique") -> Unique | V57: =IF(COUNTIFS($B$2:$B$5001,B57,$H$2:$H$5001,H57,$J$2:$J$5001,J57)>1,"Possible Duplicate Booking","Unique") -> Unique | W57: =IF((H57-G57)<>K57,"Mismatch","OK") -> OK | X57: =IF(TEXT(H57,"dddd")<>I57,"Mismatch","OK") -> OK | Y57: =IF(AND(N57="No",O57<>""),"Unexpected: channel present but no reminder sent",IF(AND(N57="Yes",O57=""),"Missing channel for sent reminder","OK")) -> OK
A58: HC-00057 | B58: P-1599 | C58: Male | D58: 64 | E58: 55-64 | F58: General Consultation | G58: 45899 | H58: 45956 | I58: Sunday | J58: Morning | K58: 57 | L58: 3 | M58: 0 | N58: Yes | O58: SMS | P58: 11.7 | Q58: 12 | R58: No-Show | U58: =IF(COUNTIF($A$2:$A$5001,A58)>1,"Duplicate","Unique") -> Unique | V58: =IF(COUNTIFS($B$2:$B$5001,B58,$H$2:$H$5001,H58,$J$2:$J$5001,J58)>1,"Possible Duplicate Booking","Unique") -> Unique | W58: =IF((H58-G58)<>K58,"Mismatch","OK") -> OK | X58: =IF(TEXT(H58,"dddd")<>I58,"Mismatch","OK") -> OK | Y58: =IF(AND(N58="No",O58<>""),"Unexpected: channel present but no reminder sent",IF(AND(N58="Yes",O58=""),"Missing channel for sent reminder","OK")) -> OK
A59: HC-00058 | B59: P-0795 | C59: Male | D59: 55 | E59: 55-64 | F59: General Consultation | G59: 45692 | H59: 45742 | I59: Wednesday | J59: Morning | K59: 50 | L59: 2 | M59: 1 | N59: Yes | O59: SMS | P59: 12.9 | Q59: 20 | R59: No-Show | U59: =IF(COUNTIF($A$2:$A$5001,A59)>1,"Duplicate","Unique") -> Unique | V59: =IF(COUNTIFS($B$2:$B$5001,B59,$H$2:$H$5001,H59,$J$2:$J$5001,J59)>1,"Possible Duplicate Booking","Unique") -> Unique | W59: =IF((H59-G59)<>K59,"Mismatch","OK") -> OK | X59: =IF(TEXT(H59,"dddd")<>I59,"Mismatch","OK") -> OK | Y59: =IF(AND(N59="No",O59<>""),"Unexpected: channel present but no reminder sent",IF(AND(N59="Yes",O59=""),"Missing channel for sent reminder","OK")) -> OK
A60: HC-00059 | B60: P-1117 | C60: Female | D60: 50 | E60: 45-54 | F60: Specialist Consultation | G60: 46048 | H60: 46063 | I60: Tuesday | J60: Afternoon | K60: 15 | L60: 4 | M60: 0 | N60: Yes | O60: Email | P60: 8.3 | Q60: 12 | R60: Cancelled | U60: =IF(COUNTIF($A$2:$A$5001,A60)>1,"Duplicate","Unique") -> Unique | V60: =IF(COUNTIFS($B$2:$B$5001,B60,$H$2:$H$5001,H60,$J$2:$J$5001,J60)>1,"Possible Duplicate Booking","Unique") -> Unique | W60: =IF((H60-G60)<>K60,"Mismatch","OK") -> OK | X60: =IF(TEXT(H60,"dddd")<>I60,"Mismatch","OK") -> OK | Y60: =IF(AND(N60="No",O60<>""),"Unexpected: channel present but no reminder sent",IF(AND(N60="Yes",O60=""),"Missing channel for sent reminder","OK")) -> OK
A61: HC-00060 | B61: P-0368 | C61: Male | D61: 19 | E61: 18-24 | F61: Diagnostic Test | G61: 45992 | H61: 46030 | I61: Thursday | J61: Morning | K61: 38 | L61: 0 | M61: 0 | N61: Yes | O61: SMS | P61: 11.9 | Q61: 12 | R61: No-Show | U61: =IF(COUNTIF($A$2:$A$5001,A61)>1,"Duplicate","Unique") -> Unique | V61: =IF(COUNTIFS($B$2:$B$5001,B61,$H$2:$H$5001,H61,$J$2:$J$5001,J61)>1,"Possible Duplicate Booking","Unique") -> Unique | W61: =IF((H61-G61)<>K61,"Mismatch","OK") -> OK | X61: =IF(TEXT(H61,"dddd")<>I61,"Mismatch","OK") -> OK | Y61: =IF(AND(N61="No",O61<>""),"Unexpected: channel present but no reminder sent",IF(AND(N61="Yes",O61=""),"Missing channel for sent reminder","OK")) -> OK
A62: HC-00061 | B62: P-0591 | C62: Female | D62: 24 | E62: 18-24 | F62: Diagnostic Test | G62: 46129 | H62: 46161 | I62: Tuesday | J62: Morning | K62: 32 | L62: 4 | M62: 1 | N62: Yes | O62: SMS | P62: 5.1 | Q62: 19 | R62: Attended | U62: =IF(COUNTIF($A$2:$A$5001,A62)>1,"Duplicate","Unique") -> Unique | V62: =IF(COUNTIFS($B$2:$B$5001,B62,$H$2:$H$5001,H62,$J$2:$J$5001,J62)>1,"Possible Duplicate Booking","Unique") -> Unique | W62: =IF((H62-G62)<>K62,"Mismatch","OK") -> OK | X62: =IF(TEXT(H62,"dddd")<>I62,"Mismatch","OK") -> OK | Y62: =IF(AND(N62="No",O62<>""),"Unexpected: channel present but no reminder sent",IF(AND(N62="Yes",O62=""),"Missing channel for sent reminder","OK")) -> OK
A63: HC-00062 | B63: P-0765 | C63: Male | D63: 18 | E63: 18-24 | F63: General Consultation | G63: 46027 | H63: 46064 | I63: Wednesday | J63: Morning | K63: 37 | L63: 4 | M63: 0 | N63: Yes | O63: SMS | P63: 4 | Q63: 45 | R63: Attended | U63: =IF(COUNTIF($A$2:$A$5001,A63)>1,"Duplicate","Unique") -> Unique | V63: =IF(COUNTIFS($B$2:$B$5001,B63,$H$2:$H$5001,H63,$J$2:$J$5001,J63)>1,"Possible Duplicate Booking","Unique") -> Unique | W63: =IF((H63-G63)<>K63,"Mismatch","OK") -> OK | X63: =IF(TEXT(H63,"dddd")<>I63,"Mismatch","OK") -> OK | Y63: =IF(AND(N63="No",O63<>""),"Unexpected: channel present but no reminder sent",IF(AND(N63="Yes",O63=""),"Missing channel for sent reminder","OK")) -> OK
A64: HC-00063 | B64: P-1366 | C64: Male | D64: 71 | E64: 65+ | F64: General Consultation | G64: 45821 | H64: 45858 | I64: Sunday | J64: Afternoon | K64: 37 | L64: 3 | M64: 0 | N64: No | P64: 4.9 | Q64: 50 | R64: No-Show | U64: =IF(COUNTIF($A$2:$A$5001,A64)>1,"Duplicate","Unique") -> Unique | V64: =IF(COUNTIFS($B$2:$B$5001,B64,$H$2:$H$5001,H64,$J$2:$J$5001,J64)>1,"Possible Duplicate Booking","Unique") -> Unique | W64: =IF((H64-G64)<>K64,"Mismatch","OK") -> OK | X64: =IF(TEXT(H64,"dddd")<>I64,"Mismatch","OK") -> OK | Y64: =IF(AND(N64="No",O64<>""),"Unexpected: channel present but no reminder sent",IF(AND(N64="Yes",O64=""),"Missing channel for sent reminder","OK")) -> OK
A65: HC-00064 | B65: P-1482 | C65: Male | D65: 71 | E65: 65+ | F65: Follow-up | G65: 46148 | H65: 46186 | I65: Saturday | J65: Evening | K65: 38 | L65: 3 | M65: 1 | N65: Yes | O65: SMS | P65: 11.6 | Q65: 37 | R65: Attended | U65: =IF(COUNTIF($A$2:$A$5001,A65)>1,"Duplicate","Unique") -> Unique | V65: =IF(COUNTIFS($B$2:$B$5001,B65,$H$2:$H$5001,H65,$J$2:$J$5001,J65)>1,"Possible Duplicate Booking","Unique") -> Unique | W65: =IF((H65-G65)<>K65,"Mismatch","OK") -> OK | X65: =IF(TEXT(H65,"dddd")<>I65,"Mismatch","OK") -> OK | Y65: =IF(AND(N65="No",O65<>""),"Unexpected: channel present but no reminder sent",IF(AND(N65="Yes",O65=""),"Missing channel for sent reminder","OK")) -> OK
A66: HC-00065 | B66: P-0988 | C66: Male | D66: 22 | E66: 18-24 | F66: General Consultation | G66: 45851 | H66: 45882 | I66: Wednesday | J66: Morning | K66: 31 | L66: 7 | M66: 3 | N66: Yes | O66: WhatsApp | P66: 2.9 | Q66: 31 | R66: No-Show | U66: =IF(COUNTIF($A$2:$A$5001,A66)>1,"Duplicate","Unique") -> Unique | V66: =IF(COUNTIFS($B$2:$B$5001,B66,$H$2:$H$5001,H66,$J$2:$J$5001,J66)>1,"Possible Duplicate Booking","Unique") -> Unique | W66: =IF((H66-G66)<>K66,"Mismatch","OK") -> OK | X66: =IF(TEXT(H66,"dddd")<>I66,"Mismatch","OK") -> OK | Y66: =IF(AND(N66="No",O66<>""),"Unexpected: channel present but no reminder sent",IF(AND(N66="Yes",O66=""),"Missing channel for sent reminder","OK")) -> OK
A67: HC-00066 | B67: P-1000 | C67: Female | D67: 20 | E67: 18-24 | F67: Diagnostic Test | G67: 45793 | H67: 45835 | I67: Friday | J67: Morning | K67: 42 | L67: 5 | M67: 0 | N67: No | P67: 7.4 | Q67: 3 | R67: Attended | U67: =IF(COUNTIF($A$2:$A$5001,A67)>1,"Duplicate","Unique") -> Unique | V67: =IF(COUNTIFS($B$2:$B$5001,B67,$H$2:$H$5001,H67,$J$2:$J$5001,J67)>1,"Possible Duplicate Booking","Unique") -> Unique | W67: =IF((H67-G67)<>K67,"Mismatch","OK") -> OK | X67: =IF(TEXT(H67,"dddd")<>I67,"Mismatch","OK") -> OK | Y67: =IF(AND(N67="No",O67<>""),"Unexpected: channel present but no reminder sent",IF(AND(N67="Yes",O67=""),"Missing channel for sent reminder","OK")) -> OK
A68: HC-00067 | B68: P-0075 | C68: Female | D68: 67 | E68: 65+ | F68: General Consultation | G68: 46120 | H68: 46152 | I68: Sunday | J68: Morning | K68: 32 | L68: 1 | M68: 0 | N68: Yes | O68: SMS | P68: 5.3 | Q68: 53 | R68: No-Show | U68: =IF(COUNTIF($A$2:$A$5001,A68)>1,"Duplicate","Unique") -> Unique | V68: =IF(COUNTIFS($B$2:$B$5001,B68,$H$2:$H$5001,H68,$J$2:$J$5001,J68)>1,"Possible Duplicate Booking","Unique") -> Unique | W68: =IF((H68-G68)<>K68,"Mismatch","OK") -> OK | X68: =IF(TEXT(H68,"dddd")<>I68,"Mismatch","OK") -> OK | Y68: =IF(AND(N68="No",O68<>""),"Unexpected: channel present but no reminder sent",IF(AND(N68="Yes",O68=""),"Missing channel for sent reminder","OK")) -> OK
A69: HC-00068 | B69: P-0460 | C69: Female | D69: 51 | E69: 45-54 | F69: Follow-up | G69: 45859 | H69: 45860 | I69: Tuesday | J69: Morning | K69: 1 | L69: 0 | M69: 0 | N69: Yes | O69: Email | P69: 8.7 | Q69: 28 | R69: Attended | U69: =IF(COUNTIF($A$2:$A$5001,A69)>1,"Duplicate","Unique") -> Unique | V69: =IF(COUNTIFS($B$2:$B$5001,B69,$H$2:$H$5001,H69,$J$2:$J$5001,J69)>1,"Possible Duplicate Booking","Unique") -> Unique | W69: =IF((H69-G69)<>K69,"Mismatch","OK") -> OK | X69: =IF(TEXT(H69,"dddd")<>I69,"Mismatch","OK") -> OK | Y69: =IF(AND(N69="No",O69<>""),"Unexpected: channel present but no reminder sent",IF(AND(N69="Yes",O69=""),"Missing channel for sent reminder","OK")) -> OK
A70: HC-00069 | B70: P-1601 | C70: Female | D70: 37 | E70: 35-44 | F70: Diagnostic Test | G70: 45697 | H70: 45699 | I70: Tuesday | J70: Evening | K70: 2 | L70: 4 | M70: 1 | N70: Yes | O70: SMS | P70: 2.9 | Q70: 12 | R70: Attended | U70: =IF(COUNTIF($A$2:$A$5001,A70)>1,"Duplicate","Unique") -> Unique | V70: =IF(COUNTIFS($B$2:$B$5001,B70,$H$2:$H$5001,H70,$J$2:$J$5001,J70)>1,"Possible Duplicate Booking","Unique") -> Unique | W70: =IF((H70-G70)<>K70,"Mismatch","OK") -> OK | X70: =IF(TEXT(H70,"dddd")<>I70,"Mismatch","OK") -> OK | Y70: =IF(AND(N70="No",O70<>""),"Unexpected: channel present but no reminder sent",IF(AND(N70="Yes",O70=""),"Missing channel for sent reminder","OK")) -> OK
A71: HC-00070 | B71: P-1260 | C71: Male | D71: 56 | E71: 55-64 | F71: Diagnostic Test | G71: 45856 | H71: 45914 | I71: Sunday | J71: Afternoon | K71: 58 | L71: 2 | M71: 0 | N71: Yes | O71: WhatsApp | P71: 8 | Q71: 54 | R71: No-Show | U71: =IF(COUNTIF($A$2:$A$5001,A71)>1,"Duplicate","Unique") -> Unique | V71: =IF(COUNTIFS($B$2:$B$5001,B71,$H$2:$H$5001,H71,$J$2:$J$5001,J71)>1,"Possible Duplicate Booking","Unique") -> Unique | W71: =IF((H71-G71)<>K71,"Mismatch","OK") -> OK | X71: =IF(TEXT(H71,"dddd")<>I71,"Mismatch","OK") -> OK | Y71: =IF(AND(N71="No",O71<>""),"Unexpected: channel present but no reminder sent",IF(AND(N71="Yes",O71=""),"Missing channel for sent reminder","OK")) -> OK
A72: HC-00071 | B72: P-1535 | C72: Female | D72: 32 | E72: 25-34 | F72: Follow-up | G72: 46037 | H72: 46092 | I72: Wednesday | J72: Afternoon | K72: 55 | L72: 1 | M72: 1 | N72: Yes | O72: WhatsApp | P72: 4.8 | Q72: 23 | R72: No-Show | U72: =IF(COUNTIF($A$2:$A$5001,A72)>1,"Duplicate","Unique") -> Unique | V72: =IF(COUNTIFS($B$2:$B$5001,B72,$H$2:$H$5001,H72,$J$2:$J$5001,J72)>1,"Possible Duplicate Booking","Unique") -> Unique | W72: =IF((H72-G72)<>K72,"Mismatch","OK") -> OK | X72: =IF(TEXT(H72,"dddd")<>I72,"Mismatch","OK") -> OK | Y72: =IF(AND(N72="No",O72<>""),"Unexpected: channel present but no reminder sent",IF(AND(N72="Yes",O72=""),"Missing channel for sent reminder","OK")) -> OK
A73: HC-00072 | B73: P-0630 | C73: Female | D73: 30 | E73: 25-34 | F73: Diagnostic Test | G73: 45726 | H73: 45761 | I73: Monday | J73: Evening | K73: 35 | L73: 3 | M73: 1 | N73: Yes | O73: SMS | P73: 11.3 | Q73: 33 | R73: No-Show | U73: =IF(COUNTIF($A$2:$A$5001,A73)>1,"Duplicate","Unique") -> Unique | V73: =IF(COUNTIFS($B$2:$B$5001,B73,$H$2:$H$5001,H73,$J$2:$J$5001,J73)>1,"Possible Duplicate Booking","Unique") -> Unique | W73: =IF((H73-G73)<>K73,"Mismatch","OK") -> OK | X73: =IF(TEXT(H73,"dddd")<>I73,"Mismatch","OK") -> OK | Y73: =IF(AND(N73="No",O73<>""),"Unexpected: channel present but no reminder sent",IF(AND(N73="Yes",O73=""),"Missing channel for sent reminder","OK")) -> OK
A74: HC-00073 | B74: P-1208 | C74: Male | D74: 41 | E74: 35-44 | F74: General Consultation | G74: 45900 | H74: 45910 | I74: Wednesday | J74: Afternoon | K74: 10 | L74: 4 | M74: 0 | N74: Yes | O74: WhatsApp | P74: 25.1 | Q74: 21 | R74: No-Show | U74: =IF(COUNTIF($A$2:$A$5001,A74)>1,"Duplicate","Unique") -> Unique | V74: =IF(COUNTIFS($B$2:$B$5001,B74,$H$2:$H$5001,H74,$J$2:$J$5001,J74)>1,"Possible Duplicate Booking","Unique") -> Unique | W74: =IF((H74-G74)<>K74,"Mismatch","OK") -> OK | X74: =IF(TEXT(H74,"dddd")<>I74,"Mismatch","OK") -> OK | Y74: =IF(AND(N74="No",O74<>""),"Unexpected: channel present but no reminder sent",IF(AND(N74="Yes",O74=""),"Missing channel for sent reminder","OK")) -> OK
A75: HC-00074 | B75: P-0337 | C75: Male | D75: 74 | E75: 65+ | F75: General Consultation | G75: 45681 | H75: 45728 | I75: Wednesday | J75: Morning | K75: 47 | L75: 2 | M75: 0 | N75: No | P75: 9.9 | Q75: 30 | R75: Cancelled | U75: =IF(COUNTIF($A$2:$A$5001,A75)>1,"Duplicate","Unique") -> Unique | V75: =IF(COUNTIFS($B$2:$B$5001,B75,$H$2:$H$5001,H75,$J$2:$J$5001,J75)>1,"Possible Duplicate Booking","Unique") -> Unique | W75: =IF((H75-G75)<>K75,"Mismatch","OK") -> OK | X75: =IF(TEXT(H75,"dddd")<>I75,"Mismatch","OK") -> OK | Y75: =IF(AND(N75="No",O75<>""),"Unexpected: channel present but no reminder sent",IF(AND(N75="Yes",O75=""),"Missing channel for sent reminder","OK")) -> OK
A76: HC-00075 | B76: P-1292 | C76: Male | D76: 66 | E76: 65+ | F76: General Consultation | G76: 46024 | H76: 46032 | I76: Saturday | J76: Afternoon | K76: 8 | L76: 4 | M76: 0 | N76: Yes | O76: SMS | P76: 8.4 | Q76: 32 | R76: Attended | U76: =IF(COUNTIF($A$2:$A$5001,A76)>1,"Duplicate","Unique") -> Unique | V76: =IF(COUNTIFS($B$2:$B$5001,B76,$H$2:$H$5001,H76,$J$2:$J$5001,J76)>1,"Possible Duplicate Booking","Unique") -> Unique | W76: =IF((H76-G76)<>K76,"Mismatch","OK") -> OK | X76: =IF(TEXT(H76,"dddd")<>I76,"Mismatch","OK") -> OK | Y76: =IF(AND(N76="No",O76<>""),"Unexpected: channel present but no reminder sent",IF(AND(N76="Yes",O76=""),"Missing channel for sent reminder","OK")) -> OK
A77: HC-00076 | B77: P-0091 | C77: Male | D77: 29 | E77: 25-34 | F77: Diagnostic Test | G77: 45894 | H77: 45917 | I77: Wednesday | J77: Morning | K77: 23 | L77: 3 | M77: 1 | N77: Yes | O77: WhatsApp | P77: 7 | Q77: 33 | R77: Attended | U77: =IF(COUNTIF($A$2:$A$5001,A77)>1,"Duplicate","Unique") -> Unique | V77: =IF(COUNTIFS($B$2:$B$5001,B77,$H$2:$H$5001,H77,$J$2:$J$5001,J77)>1,"Possible Duplicate Booking","Unique") -> Unique | W77: =IF((H77-G77)<>K77,"Mismatch","OK") -> OK | X77: =IF(TEXT(H77,"dddd")<>I77,"Mismatch","OK") -> OK | Y77: =IF(AND(N77="No",O77<>""),"Unexpected: channel present but no reminder sent",IF(AND(N77="Yes",O77=""),"Missing channel for sent reminder","OK")) -> OK
A78: HC-00077 | B78: P-1787 | C78: Male | D78: 53 | E78: 45-54 | F78: Diagnostic Test | G78: 45818 | H78: 45838 | I78: Monday | J78: Morning | K78: 20 | L78: 4 | M78: 1 | N78: Yes | O78: SMS | P78: 3.9 | Q78: 38 | R78: Attended | U78: =IF(COUNTIF($A$2:$A$5001,A78)>1,"Duplicate","Unique") -> Unique | V78: =IF(COUNTIFS($B$2:$B$5001,B78,$H$2:$H$5001,H78,$J$2:$J$5001,J78)>1,"Possible Duplicate Booking","Unique") -> Unique | W78: =IF((H78-G78)<>K78,"Mismatch","OK") -> OK | X78: =IF(TEXT(H78,"dddd")<>I78,"Mismatch","OK") -> OK | Y78: =IF(AND(N78="No",O78<>""),"Unexpected: channel present but no reminder sent",IF(AND(N78="Yes",O78=""),"Missing channel for sent reminder","OK")) -> OK
A79: HC-00078 | B79: P-1561 | C79: Female | D79: 73 | E79: 65+ | F79: General Consultation | G79: 45781 | H79: 45781 | I79: Sunday | J79: Evening | K79: 0 | L79: 6 | M79: 3 | N79: No | P79: 2.7 | Q79: 26 | R79: Attended | U79: =IF(COUNTIF($A$2:$A$5001,A79)>1,"Duplicate","Unique") -> Unique | V79: =IF(COUNTIFS($B$2:$B$5001,B79,$H$2:$H$5001,H79,$J$2:$J$5001,J79)>1,"Possible Duplicate Booking","Unique") -> Unique | W79: =IF((H79-G79)<>K79,"Mismatch","OK") -> OK | X79: =IF(TEXT(H79,"dddd")<>I79,"Mismatch","OK") -> OK | Y79: =IF(AND(N79="No",O79<>""),"Unexpected: channel present but no reminder sent",IF(AND(N79="Yes",O79=""),"Missing channel for sent reminder","OK")) -> OK
A80: HC-00079 | B80: P-1177 | C80: Male | D80: 77 | E80: 65+ | F80: General Consultation | G80: 45917 | H80: 45966 | I80: Wednesday | J80: Morning | K80: 49 | L80: 4 | M80: 1 | N80: Yes | O80: WhatsApp | P80: 3.8 | Q80: 26 | R80: No-Show | U80: =IF(COUNTIF($A$2:$A$5001,A80)>1,"Duplicate","Unique") -> Unique | V80: =IF(COUNTIFS($B$2:$B$5001,B80,$H$2:$H$5001,H80,$J$2:$J$5001,J80)>1,"Possible Duplicate Booking","Unique") -> Unique | W80: =IF((H80-G80)<>K80,"Mismatch","OK") -> OK | X80: =IF(TEXT(H80,"dddd")<>I80,"Mismatch","OK") -> OK | Y80: =IF(AND(N80="No",O80<>""),"Unexpected: channel present but no reminder sent",IF(AND(N80="Yes",O80=""),"Missing channel for sent reminder","OK")) -> OK
A81: HC-00080 | B81: P-1012 | C81: Female | D81: 66 | E81: 65+ | F81: General Consultation | G81: 45992 | H81: 46023 | I81: Thursday | J81: Afternoon | K81: 31 | L81: 5 | M81: 1 | N81: No | P81: 26.8 | Q81: 23 | R81: Attended | U81: =IF(COUNTIF($A$2:$A$5001,A81)>1,"Duplicate","Unique") -> Unique | V81: =IF(COUNTIFS($B$2:$B$5001,B81,$H$2:$H$5001,H81,$J$2:$J$5001,J81)>1,"Possible Duplicate Booking","Unique") -> Unique | W81: =IF((H81-G81)<>K81,"Mismatch","OK") -> OK | X81: =IF(TEXT(H81,"dddd")<>I81,"Mismatch","OK") -> OK | Y81: =IF(AND(N81="No",O81<>""),"Unexpected: channel present but no reminder sent",IF(AND(N81="Yes",O81=""),"Missing channel for sent reminder","OK")) -> OK
A82: HC-00081 | B82: P-1420 | C82: Female | D82: 26 | E82: 25-34 | F82: General Consultation | G82: 46152 | H82: 46171 | I82: Friday | J82: Morning | K82: 19 | L82: 1 | M82: 0 | N82: Yes | O82: SMS | P82: 2.6 | Q82: 13 | R82: Attended | U82: =IF(COUNTIF($A$2:$A$5001,A82)>1,"Duplicate","Unique") -> Unique | V82: =IF(COUNTIFS($B$2:$B$5001,B82,$H$2:$H$5001,H82,$J$2:$J$5001,J82)>1,"Possible Duplicate Booking","Unique") -> Unique | W82: =IF((H82-G82)<>K82,"Mismatch","OK") -> OK | X82: =IF(TEXT(H82,"dddd")<>I82,"Mismatch","OK") -> OK | Y82: =IF(AND(N82="No",O82<>""),"Unexpected: channel present but no reminder sent",IF(AND(N82="Yes",O82=""),"Missing channel for sent reminder","OK")) -> OK
A83: HC-00082 | B83: P-0054 | C83: Male | D83: 33 | E83: 25-34 | F83: Specialist Consultation | G83: 45866 | H83: 45896 | I83: Wednesday | J83: Morning | K83: 30 | L83: 2 | M83: 0 | N83: Yes | O83: WhatsApp | P83: 8.5 | Q83: 14 | R83: No-Show | U83: =IF(COUNTIF($A$2:$A$5001,A83)>1,"Duplicate","Unique") -> Unique | V83: =IF(COUNTIFS($B$2:$B$5001,B83,$H$2:$H$5001,H83,$J$2:$J$5001,J83)>1,"Possible Duplicate Booking","Unique") -> Unique | W83: =IF((H83-G83)<>K83,"Mismatch","OK") -> OK | X83: =IF(TEXT(H83,"dddd")<>I83,"Mismatch","OK") -> OK | Y83: =IF(AND(N83="No",O83<>""),"Unexpected: channel present but no reminder sent",IF(AND(N83="Yes",O83=""),"Missing channel for sent reminder","OK")) -> OK
A84: HC-00083 | B84: P-0348 | C84: Female | D84: 31 | E84: 25-34 | F84: General Consultation | G84: 45745 | H84: 45745 | I84: Saturday | J84: Afternoon | K84: 0 | L84: 4 | M84: 2 | N84: No | P84: 9 | Q84: 21 | R84: Attended | U84: =IF(COUNTIF($A$2:$A$5001,A84)>1,"Duplicate","Unique") -> Unique | V84: =IF(COUNTIFS($B$2:$B$5001,B84,$H$2:$H$5001,H84,$J$2:$J$5001,J84)>1,"Possible Duplicate Booking","Unique") -> Unique | W84: =IF((H84-G84)<>K84,"Mismatch","OK") -> OK | X84: =IF(TEXT(H84,"dddd")<>I84,"Mismatch","OK") -> OK | Y84: =IF(AND(N84="No",O84<>""),"Unexpected: channel present but no reminder sent",IF(AND(N84="Yes",O84=""),"Missing channel for sent reminder","OK")) -> OK
A85: HC-00084 | B85: P-0891 | C85: Female | D85: 27 | E85: 25-34 | F85: Specialist Consultation | G85: 46086 | H85: 46112 | I85: Tuesday | J85: Afternoon | K85: 26 | L85: 0 | M85: 0 | N85: Yes | O85: WhatsApp | P85: 23.8 | Q85: 38 | R85: Attended | U85: =IF(COUNTIF($A$2:$A$5001,A85)>1,"Duplicate","Unique") -> Unique | V85: =IF(COUNTIFS($B$2:$B$5001,B85,$H$2:$H$5001,H85,$J$2:$J$5001,J85)>1,"Possible Duplicate Booking","Unique") -> Unique | W85: =IF((H85-G85)<>K85,"Mismatch","OK") -> OK | X85: =IF(TEXT(H85,"dddd")<>I85,"Mismatch","OK") -> OK | Y85: =IF(AND(N85="No",O85<>""),"Unexpected: channel present but no reminder sent",IF(AND(N85="Yes",O85=""),"Missing channel for sent reminder","OK")) -> OK
A86: HC-00085 | B86: P-0200 | C86: Female | D86: 29 | E86: 25-34 | F86: Follow-up | G86: 45970 | H86: 46001 | I86: Wednesday | J86: Afternoon | K86: 31 | L86: 5 | M86: 3 | N86: Yes | O86: SMS | P86: 13.6 | Q86: 29 | R86: No-Show | U86: =IF(COUNTIF($A$2:$A$5001,A86)>1,"Duplicate","Unique") -> Unique | V86: =IF(COUNTIFS($B$2:$B$5001,B86,$H$2:$H$5001,H86,$J$2:$J$5001,J86)>1,"Possible Duplicate Booking","Unique") -> Unique | W86: =IF((H86-G86)<>K86,"Mismatch","OK") -> OK | X86: =IF(TEXT(H86,"dddd")<>I86,"Mismatch","OK") -> OK | Y86: =IF(AND(N86="No",O86<>""),"Unexpected: channel present but no reminder sent",IF(AND(N86="Yes",O86=""),"Missing channel for sent reminder","OK")) -> OK
A87: HC-00086 | B87: P-0514 | C87: Prefer not to say | D87: 37 | E87: 35-44 | F87: General Consultation | G87: 46020 | H87: 46040 | I87: Sunday | J87: Morning | K87: 20 | L87: 6 | M87: 1 | N87: Yes | O87: SMS | P87: 0.5 | Q87: 23 | R87: No-Show | U87: =IF(COUNTIF($A$2:$A$5001,A87)>1,"Duplicate","Unique") -> Unique | V87: =IF(COUNTIFS($B$2:$B$5001,B87,$H$2:$H$5001,H87,$J$2:$J$5001,J87)>1,"Possible Duplicate Booking","Unique") -> Unique | W87: =IF((H87-G87)<>K87,"Mismatch","OK") -> OK | X87: =IF(TEXT(H87,"dddd")<>I87,"Mismatch","OK") -> OK | Y87: =IF(AND(N87="No",O87<>""),"Unexpected: channel present but no reminder sent",IF(AND(N87="Yes",O87=""),"Missing channel for sent reminder","OK")) -> OK
A88: HC-00087 | B88: P-1001 | C88: Male | D88: 52 | E88: 45-54 | F88: General Consultation | G88: 45661 | H88: 45711 | I88: Sunday | J88: Morning | K88: 50 | L88: 3 | M88: 1 | N88: Yes | O88: WhatsApp | P88: 2.3 | Q88: 21 | R88: No-Show | U88: =IF(COUNTIF($A$2:$A$5001,A88)>1,"Duplicate","Unique") -> Unique | V88: =IF(COUNTIFS($B$2:$B$5001,B88,$H$2:$H$5001,H88,$J$2:$J$5001,J88)>1,"Possible Duplicate Booking","Unique") -> Unique | W88: =IF((H88-G88)<>K88,"Mismatch","OK") -> OK | X88: =IF(TEXT(H88,"dddd")<>I88,"Mismatch","OK") -> OK | Y88: =IF(AND(N88="No",O88<>""),"Unexpected: channel present but no reminder sent",IF(AND(N88="Yes",O88=""),"Missing channel for sent reminder","OK")) -> OK
A89: HC-00088 | B89: P-0471 | C89: Female | D89: 43 | E89: 35-44 | F89: Diagnostic Test | G89: 45813 | H89: 45828 | I89: Friday | J89: Afternoon | K89: 15 | L89: 3 | M89: 1 | N89: Yes | O89: SMS | P89: 15.7 | Q89: 11 | R89: No-Show | U89: =IF(COUNTIF($A$2:$A$5001,A89)>1,"Duplicate","Unique") -> Unique | V89: =IF(COUNTIFS($B$2:$B$5001,B89,$H$2:$H$5001,H89,$J$2:$J$5001,J89)>1,"Possible Duplicate Booking","Unique") -> Unique | W89: =IF((H89-G89)<>K89,"Mismatch","OK") -> OK | X89: =IF(TEXT(H89,"dddd")<>I89,"Mismatch","OK") -> OK | Y89: =IF(AND(N89="No",O89<>""),"Unexpected: channel present but no reminder sent",IF(AND(N89="Yes",O89=""),"Missing channel for sent reminder","OK")) -> OK
A90: HC-00089 | B90: P-0708 | C90: Male | D90: 44 | E90: 35-44 | F90: Follow-up | G90: 46069 | H90: 46077 | I90: Tuesday | J90: Afternoon | K90: 8 | L90: 3 | M90: 0 | N90: Yes | O90: Email | P90: 18.9 | Q90: 14 | R90: No-Show | U90: =IF(COUNTIF($A$2:$A$5001,A90)>1,"Duplicate","Unique") -> Unique | V90: =IF(COUNTIFS($B$2:$B$5001,B90,$H$2:$H$5001,H90,$J$2:$J$5001,J90)>1,"Possible Duplicate Booking","Unique") -> Unique | W90: =IF((H90-G90)<>K90,"Mismatch","OK") -> OK | X90: =IF(TEXT(H90,"dddd")<>I90,"Mismatch","OK") -> OK | Y90: =IF(AND(N90="No",O90<>""),"Unexpected: channel present but no reminder sent",IF(AND(N90="Yes",O90=""),"Missing channel for sent reminder","OK")) -> OK
A91: HC-00090 | B91: P-1664 | C91: Female | D91: 33 | E91: 25-34 | F91: Follow-up | G91: 46080 | H91: 46112 | I91: Tuesday | J91: Afternoon | K91: 32 | L91: 5 | M91: 1 | N91: Yes | O91: SMS | P91: 10.3 | Q91: 26 | R91: Attended | U91: =IF(COUNTIF($A$2:$A$5001,A91)>1,"Duplicate","Unique") -> Unique | V91: =IF(COUNTIFS($B$2:$B$5001,B91,$H$2:$H$5001,H91,$J$2:$J$5001,J91)>1,"Possible Duplicate Booking","Unique") -> Unique | W91: =IF((H91-G91)<>K91,"Mismatch","OK") -> OK | X91: =IF(TEXT(H91,"dddd")<>I91,"Mismatch","OK") -> OK | Y91: =IF(AND(N91="No",O91<>""),"Unexpected: channel present but no reminder sent",IF(AND(N91="Yes",O91=""),"Missing channel for sent reminder","OK")) -> OK
A92: HC-00091 | B92: P-1265 | C92: Male | D92: 27 | E92: 25-34 | F92: General Consultation | G92: 45841 | H92: 45895 | I92: Tuesday | J92: Afternoon | K92: 54 | L92: 6 | M92: 3 | N92: Yes | O92: Email | P92: 2.3 | Q92: 24 | R92: No-Show | U92: =IF(COUNTIF($A$2:$A$5001,A92)>1,"Duplicate","Unique") -> Unique | V92: =IF(COUNTIFS($B$2:$B$5001,B92,$H$2:$H$5001,H92,$J$2:$J$5001,J92)>1,"Possible Duplicate Booking","Unique") -> Unique | W92: =IF((H92-G92)<>K92,"Mismatch","OK") -> OK | X92: =IF(TEXT(H92,"dddd")<>I92,"Mismatch","OK") -> OK | Y92: =IF(AND(N92="No",O92<>""),"Unexpected: channel present but no reminder sent",IF(AND(N92="Yes",O92=""),"Missing channel for sent reminder","OK")) -> OK
A93: HC-00092 | B93: P-1723 | C93: Female | D93: 80 | E93: 65+ | F93: Diagnostic Test | G93: 46075 | H93: 46097 | I93: Monday | J93: Evening | K93: 22 | L93: 3 | M93: 0 | N93: Yes | O93: WhatsApp | P93: 6.3 | Q93: 33 | R93: Attended | U93: =IF(COUNTIF($A$2:$A$5001,A93)>1,"Duplicate","Unique") -> Unique | V93: =IF(COUNTIFS($B$2:$B$5001,B93,$H$2:$H$5001,H93,$J$2:$J$5001,J93)>1,"Possible Duplicate Booking","Unique") -> Unique | W93: =IF((H93-G93)<>K93,"Mismatch","OK") -> OK | X93: =IF(TEXT(H93,"dddd")<>I93,"Mismatch","OK") -> OK | Y93: =IF(AND(N93="No",O93<>""),"Unexpected: channel present but no reminder sent",IF(AND(N93="Yes",O93=""),"Missing channel for sent reminder","OK")) -> OK
A94: HC-00093 | B94: P-0422 | C94: Female | D94: 55 | E94: 55-64 | F94: Specialist Consultation | G94: 46115 | H94: 46117 | I94: Sunday | J94: Afternoon | K94: 2 | L94: 3 | M94: 0 | N94: Yes | O94: WhatsApp | P94: 11.2 | Q94: 22 | R94: Attended | U94: =IF(COUNTIF($A$2:$A$5001,A94)>1,"Duplicate","Unique") -> Unique | V94: =IF(COUNTIFS($B$2:$B$5001,B94,$H$2:$H$5001,H94,$J$2:$J$5001,J94)>1,"Possible Duplicate Booking","Unique") -> Unique | W94: =IF((H94-G94)<>K94,"Mismatch","OK") -> OK | X94: =IF(TEXT(H94,"dddd")<>I94,"Mismatch","OK") -> OK | Y94: =IF(AND(N94="No",O94<>""),"Unexpected: channel present but no reminder sent",IF(AND(N94="Yes",O94=""),"Missing channel for sent reminder","OK")) -> OK
A95: HC-00094 | B95: P-1331 | C95: Male | D95: 32 | E95: 25-34 | F95: Specialist Consultation | G95: 45810 | H95: 45869 | I95: Thursday | J95: Morning | K95: 59 | L95: 2 | M95: 1 | N95: No | P95: 6.4 | Q95: 30 | R95: No-Show | U95: =IF(COUNTIF($A$2:$A$5001,A95)>1,"Duplicate","Unique") -> Unique | V95: =IF(COUNTIFS($B$2:$B$5001,B95,$H$2:$H$5001,H95,$J$2:$J$5001,J95)>1,"Possible Duplicate Booking","Unique") -> Unique | W95: =IF((H95-G95)<>K95,"Mismatch","OK") -> OK | X95: =IF(TEXT(H95,"dddd")<>I95,"Mismatch","OK") -> OK | Y95: =IF(AND(N95="No",O95<>""),"Unexpected: channel present but no reminder sent",IF(AND(N95="Yes",O95=""),"Missing channel for sent reminder","OK")) -> OK
A96: HC-00095 | B96: P-1651 | C96: Male | D96: 69 | E96: 65+ | F96: Follow-up | G96: 46121 | H96: 46148 | I96: Wednesday | J96: Afternoon | K96: 27 | L96: 3 | M96: 1 | N96: No | P96: 7.3 | Q96: 7 | R96: No-Show | U96: =IF(COUNTIF($A$2:$A$5001,A96)>1,"Duplicate","Unique") -> Unique | V96: =IF(COUNTIFS($B$2:$B$5001,B96,$H$2:$H$5001,H96,$J$2:$J$5001,J96)>1,"Possible Duplicate Booking","Unique") -> Unique | W96: =IF((H96-G96)<>K96,"Mismatch","OK") -> OK | X96: =IF(TEXT(H96,"dddd")<>I96,"Mismatch","OK") -> OK | Y96: =IF(AND(N96="No",O96<>""),"Unexpected: channel present but no reminder sent",IF(AND(N96="Yes",O96=""),"Missing channel for sent reminder","OK")) -> OK
A97: HC-00096 | B97: P-0447 | C97: Female | D97: 70 | E97: 65+ | F97: Diagnostic Test | G97: 45805 | H97: 45815 | I97: Saturday | J97: Afternoon | K97: 10 | L97: 3 | M97: 1 | N97: No | P97: 13.9 | Q97: 14 | R97: No-Show | U97: =IF(COUNTIF($A$2:$A$5001,A97)>1,"Duplicate","Unique") -> Unique | V97: =IF(COUNTIFS($B$2:$B$5001,B97,$H$2:$H$5001,H97,$J$2:$J$5001,J97)>1,"Possible Duplicate Booking","Unique") -> Unique | W97: =IF((H97-G97)<>K97,"Mismatch","OK") -> OK | X97: =IF(TEXT(H97,"dddd")<>I97,"Mismatch","OK") -> OK | Y97: =IF(AND(N97="No",O97<>""),"Unexpected: channel present but no reminder sent",IF(AND(N97="Yes",O97=""),"Missing channel for sent reminder","OK")) -> OK
A98: HC-00097 | B98: P-0196 | C98: Female | D98: 78 | E98: 65+ | F98: General Consultation | G98: 45751 | H98: 45788 | I98: Sunday | J98: Evening | K98: 37 | L98: 1 | M98: 0 | N98: Yes | O98: WhatsApp | P98: 18.3 | Q98: 27 | R98: Attended | U98: =IF(COUNTIF($A$2:$A$5001,A98)>1,"Duplicate","Unique") -> Unique | V98: =IF(COUNTIFS($B$2:$B$5001,B98,$H$2:$H$5001,H98,$J$2:$J$5001,J98)>1,"Possible Duplicate Booking","Unique") -> Unique | W98: =IF((H98-G98)<>K98,"Mismatch","OK") -> OK | X98: =IF(TEXT(H98,"dddd")<>I98,"Mismatch","OK") -> OK | Y98: =IF(AND(N98="No",O98<>""),"Unexpected: channel present but no reminder sent",IF(AND(N98="Yes",O98=""),"Missing channel for sent reminder","OK")) -> OK
A99: HC-00098 | B99: P-0179 | C99: Male | D99: 28 | E99: 25-34 | F99: Specialist Consultation | G99: 46011 | H99: 46030 | I99: Thursday | J99: Morning | K99: 19 | L99: 2 | M99: 0 | N99: Yes | O99: WhatsApp | P99: 7.7 | Q99: 24 | R99: No-Show | U99: =IF(COUNTIF($A$2:$A$5001,A99)>1,"Duplicate","Unique") -> Unique | V99: =IF(COUNTIFS($B$2:$B$5001,B99,$H$2:$H$5001,H99,$J$2:$J$5001,J99)>1,"Possible Duplicate Booking","Unique") -> Unique | W99: =IF((H99-G99)<>K99,"Mismatch","OK") -> OK | X99: =IF(TEXT(H99,"dddd")<>I99,"Mismatch","OK") -> OK | Y99: =IF(AND(N99="No",O99<>""),"Unexpected: channel present but no reminder sent",IF(AND(N99="Yes",O99=""),"Missing channel for sent reminder","OK")) -> OK
A100: HC-00099 | B100: P-1747 | C100: Female | D100: 58 | E100: 55-64 | F100: General Consultation | G100: 45948 | H100: 46005 | I100: Sunday | J100: Afternoon | K100: 57 | L100: 1 | M100: 0 | N100: Yes | O100: SMS | P100: 16.7 | Q100: 32 | R100: Attended | U100: =IF(COUNTIF($A$2:$A$5001,A100)>1,"Duplicate","Unique") -> Unique | V100: =IF(COUNTIFS($B$2:$B$5001,B100,$H$2:$H$5001,H100,$J$2:$J$5001,J100)>1,"Possible Duplicate Booking","Unique") -> Unique | W100: =IF((H100-G100)<>K100,"Mismatch","OK") -> OK | X100: =IF(TEXT(H100,"dddd")<>I100,"Mismatch","OK") -> OK | Y100: =IF(AND(N100="No",O100<>""),"Unexpected: channel present but no reminder sent",IF(AND(N100="Yes",O100=""),"Missing channel for sent reminder","OK")) -> OK
...

Sheet DQ_Assessment
A1: HealthConnect Appointment Data — Data Quality Assessment
A2: All figures below are live formulas referencing the Raw_Data sheet.
A4: Total records (Raw_Data rows) | B4: =ROWS(Raw_Data!A2:A5001) -> 5000
A6: A. Completeness Check
A7: Column Name | B7: Excel Column | C7: Non-Blank Count | D7: Missing Count | E7: % Missing | F7: Note
A8: appointment_id | B8: A | C8: =COUNTA(Raw_Data!A2:A5001) -> 5000 | D8: =$B$4-C8 -> 0 | E8: =D8/$B$4 -> 0 | F8: Primary key — expected 0 missing
A9: patient_id | B9: B | C9: =COUNTA(Raw_Data!B2:B5001) -> 5000 | D9: =$B$4-C9 -> 0 | E9: =D9/$B$4 -> 0 | F9: Expected 0 missing
A10: gender | B10: C | C10: =COUNTA(Raw_Data!C2:C5001) -> 5000 | D10: =$B$4-C10 -> 0 | E10: =D10/$B$4 -> 0 | F10: Includes 'Prefer not to say' as a valid category
A11: age | B11: D | C11: =COUNTA(Raw_Data!D2:D5001) -> 5000 | D11: =$B$4-C11 -> 0 | E11: =D11/$B$4 -> 0
A12: age_group | B12: E | C12: =COUNTA(Raw_Data!E2:E5001) -> 5000 | D12: =$B$4-C12 -> 0 | E12: =D12/$B$4 -> 0 | F12: Derived from age — cross-check consistency later
A13: appointment_type | B13: F | C13: =COUNTA(Raw_Data!F2:F5001) -> 5000 | D13: =$B$4-C13 -> 0 | E13: =D13/$B$4 -> 0
A14: booking_date | B14: G | C14: =COUNTA(Raw_Data!G2:G5001) -> 5000 | D14: =$B$4-C14 -> 0 | E14: =D14/$B$4 -> 0
A15: appointment_date | B15: H | C15: =COUNTA(Raw_Data!H2:H5001) -> 5000 | D15: =$B$4-C15 -> 0 | E15: =D15/$B$4 -> 0
A16: appointment_day | B16: I | C16: =COUNTA(Raw_Data!I2:I5001) -> 5000 | D16: =$B$4-C16 -> 0 | E16: =D16/$B$4 -> 0 | F16: Derived from appointment_date
A17: appointment_time | B17: J | C17: =COUNTA(Raw_Data!J2:J5001) -> 5000 | D17: =$B$4-C17 -> 0 | E17: =D17/$B$4 -> 0
A18: booking_lead_days | B18: K | C18: =COUNTA(Raw_Data!K2:K5001) -> 5000 | D18: =$B$4-C18 -> 0 | E18: =D18/$B$4 -> 0
A19: previous_appointments | B19: L | C19: =COUNTA(Raw_Data!L2:L5001) -> 5000 | D19: =$B$4-C19 -> 0 | E19: =D19/$B$4 -> 0
A20: previous_no_shows | B20: M | C20: =COUNTA(Raw_Data!M2:M5001) -> 5000 | D20: =$B$4-C20 -> 0 | E20: =D20/$B$4 -> 0
A21: reminder_sent | B21: N | C21: =COUNTA(Raw_Data!N2:N5001) -> 5000 | D21: =$B$4-C21 -> 0 | E21: =D21/$B$4 -> 0
A22: reminder_channel | B22: O | C22: =COUNTA(Raw_Data!O2:O5001) -> 3634 | D22: =$B$4-C22 -> 1366 | E22: =D22/$B$4 -> 0.2732 | F22: Expected to be blank when reminder_sent = No — see Section E
A23: distance_to_clinic_km | B23: P | C23: =COUNTA(Raw_Data!P2:P5001) -> 4910 | D23: =$B$4-C23 -> 90 | E23: =D23/$B$4 -> 0.018 | F23: Missing values likely unrecorded distance — investigate before use in KPIs
A24: waiting_time_minutes | B24: Q | C24: =COUNTA(Raw_Data!Q2:Q5001) -> 4940 | D24: =$B$4-C24 -> 60 | E24: =D24/$B$4 -> 0.012 | F24: Missing values likely unrecorded on day of visit
A25: appointment_outcome | B25: R | C25: =COUNTA(Raw_Data!R2:R5001) -> 5000 | D25: =$B$4-C25 -> 0 | E25: =D25/$B$4 -> 0 | F25: Target field for no-show analysis — expected 0 missing
A26: Extra_Column_1 (unlabeled in source) | B26: S | C26: =COUNTA(Raw_Data!S2:S5001) -> 0 | D26: =$B$4-C26 -> 5000 | E26: =D26/$B$4 -> 1 | F26: Unlabeled column, fully blank — recommend dropping/confirming with data owner
A27: Extra_Column_2 (unlabeled in source) | B27: T | C27: =COUNTA(Raw_Data!T2:T5001) -> 1 | D27: =$B$4-C27 -> 4999 | E27: =D27/$B$4 -> 0.9998 | F27: Unlabeled column, one stray value with no context — investigate before use
A30: B. Duplicate Checks
A31: Check | B31: Count | C31: % of Total | D31: Note
A32: Duplicate Appointment IDs | B32: =COUNTIF(Raw_Data!U2:U5001,"Duplicate") -> 0 | C32: =B32/$B$4 -> 0 | D32: appointment_id is the primary key; any count above 0 needs investigation.
A33: Possible Duplicate Bookings (same patient, date & time slot) | B33: =COUNTIF(Raw_Data!V2:V5001,"Possible Duplicate Booking") -> 18 | C33: =B33/$B$4 -> 0.0036 | D33: Flags cases where the same patient appears booked twice in the identical slot.
A35: C. Categorical Value Consistency & Distribution
A36: gender
A37: Value | B37: Count | C37: % of Total
A38: Female | B38: =COUNTIF(Raw_Data!C2:C5001,"Female") -> 2488 | C38: =B38/$B$4 -> 0.4976
A39: Male | B39: =COUNTIF(Raw_Data!C2:C5001,"Male") -> 2404 | C39: =B39/$B$4 -> 0.4808
A40: Prefer not to say | B40: =COUNTIF(Raw_Data!C2:C5001,"Prefer not to say") -> 108 | C40: =B40/$B$4 -> 0.0216
A42: age_group
A43: Value | B43: Count | C43: % of Total
A44: 18-24 | B44: =COUNTIF(Raw_Data!E2:E5001,"18-24") -> 564 | C44: =B44/$B$4 -> 0.1128
A45: 25-34 | B45: =COUNTIF(Raw_Data!E2:E5001,"25-34") -> 783 | C45: =B45/$B$4 -> 0.1566
A46: 35-44 | B46: =COUNTIF(Raw_Data!E2:E5001,"35-44") -> 819 | C46: =B46/$B$4 -> 0.1638
A47: 45-54 | B47: =COUNTIF(Raw_Data!E2:E5001,"45-54") -> 793 | C47: =B47/$B$4 -> 0.1586
A48: 55-64 | B48: =COUNTIF(Raw_Data!E2:E5001,"55-64") -> 800 | C48: =B48/$B$4 -> 0.16
A49: 65+ | B49: =COUNTIF(Raw_Data!E2:E5001,"65+") -> 1241 | C49: =B49/$B$4 -> 0.2482
A51: appointment_type
A52: Value | B52: Count | C52: % of Total
A53: Follow-up | B53: =COUNTIF(Raw_Data!F2:F5001,"Follow-up") -> 1421 | C53: =B53/$B$4 -> 0.2842
A54: Specialist Consultation | B54: =COUNTIF(Raw_Data!F2:F5001,"Specialist Consultation") -> 900 | C54: =B54/$B$4 -> 0.18
A55: General Consultation | B55: =COUNTIF(Raw_Data!F2:F5001,"General Consultation") -> 2086 | C55: =B55/$B$4 -> 0.4172
A56: Diagnostic Test | B56: =COUNTIF(Raw_Data!F2:F5001,"Diagnostic Test") -> 593 | C56: =B56/$B$4 -> 0.1186
A58: appointment_day
A59: Value | B59: Count | C59: % of Total
A60: Monday | B60: =COUNTIF(Raw_Data!I2:I5001,"Monday") -> 701 | C60: =B60/$B$4 -> 0.1402
A61: Tuesday | B61: =COUNTIF(Raw_Data!I2:I5001,"Tuesday") -> 689 | C61: =B61/$B$4 -> 0.1378
A62: Wednesday | B62: =COUNTIF(Raw_Data!I2:I5001,"Wednesday") -> 737 | C62: =B62/$B$4 -> 0.1474
A63: Thursday | B63: =COUNTIF(Raw_Data!I2:I5001,"Thursday") -> 684 | C63: =B63/$B$4 -> 0.1368
A64: Friday | B64: =COUNTIF(Raw_Data!I2:I5001,"Friday") -> 728 | C64: =B64/$B$4 -> 0.1456
A65: Saturday | B65: =COUNTIF(Raw_Data!I2:I5001,"Saturday") -> 724 | C65: =B65/$B$4 -> 0.1448
A66: Sunday | B66: =COUNTIF(Raw_Data!I2:I5001,"Sunday") -> 737 | C66: =B66/$B$4 -> 0.1474
A68: appointment_time
A69: Value | B69: Count | C69: % of Total
A70: Morning | B70: =COUNTIF(Raw_Data!J2:J5001,"Morning") -> 2227 | C70: =B70/$B$4 -> 0.4454
A71: Afternoon | B71: =COUNTIF(Raw_Data!J2:J5001,"Afternoon") -> 2094 | C71: =B71/$B$4 -> 0.4188
A72: Evening | B72: =COUNTIF(Raw_Data!J2:J5001,"Evening") -> 679 | C72: =B72/$B$4 -> 0.1358
A74: reminder_sent
A75: Value | B75: Count | C75: % of Total
A76: Yes | B76: =COUNTIF(Raw_Data!N2:N5001,"Yes") -> 3634 | C76: =B76/$B$4 -> 0.7268
A77: No | B77: =COUNTIF(Raw_Data!N2:N5001,"No") -> 1366 | C77: =B77/$B$4 -> 0.2732
A79: reminder_channel
A80: Value | B80: Count | C80: % of Total
A81: SMS | B81: =COUNTIF(Raw_Data!O2:O5001,"SMS") -> 2000 | C81: =B81/$B$4 -> 0.4
A82: WhatsApp | B82: =COUNTIF(Raw_Data!O2:O5001,"WhatsApp") -> 1101 | C82: =B82/$B$4 -> 0.2202
A83: Email | B83: =COUNTIF(Raw_Data!O2:O5001,"Email") -> 533 | C83: =B83/$B$4 -> 0.1066
A84: (blank — no reminder sent) | B84: =$B$4-COUNTA(Raw_Data!O2:O5001) -> 1366 | C84: =B84/$B$4 -> 0.2732
A86: appointment_outcome
A87: Value | B87: Count | C87: % of Total
A88: Attended | B88: =COUNTIF(Raw_Data!R2:R5001,"Attended") -> 2314 | C88: =B88/$B$4 -> 0.4628
A89: No-Show | B89: =COUNTIF(Raw_Data!R2:R5001,"No-Show") -> 2423 | C89: =B89/$B$4 -> 0.4846
A90: Cancelled | B90: =COUNTIF(Raw_Data!R2:R5001,"Cancelled") -> 263 | C90: =B90/$B$4 -> 0.0526
A92: D. Numeric Range & Outlier Check (1.5×IQR rule)
A93: Field | B93: Min | C93: Max | D93: Average | E93: Q1 | F93: Q3 | G93: Lower Bound | H93: Upper Bound | I93: Outlier Count | J93: % Outliers
A94: age | B94: =MIN(Raw_Data!D2:D5001) -> 18 | C94: =MAX(Raw_Data!D2:D5001) -> 80 | D94: =ROUND(AVERAGE(Raw_Data!D2:D5001),1) -> 48.8 | E94: =QUARTILE(Raw_Data!D2:D5001,1) -> 33 | F94: =QUARTILE(Raw_Data!D2:D5001,3) -> 64 | G94: =ROUND(E94-1.5*(F94-E94),1) -> -13.5 | H94: =ROUND(F94+1.5*(F94-E94),1) -> 110.5 | I94: =COUNTIF(Raw_Data!D2:D5001,"<"&G94)+COUNTIF(Raw_Data!D2:D5001,">"&H94) -> 0 | J94: =I94/$B$4 -> 0
A95: booking_lead_days | B95: =MIN(Raw_Data!K2:K5001) -> 0 | C95: =MAX(Raw_Data!K2:K5001) -> 60 | D95: =ROUND(AVERAGE(Raw_Data!K2:K5001),1) -> 29.6 | E95: =QUARTILE(Raw_Data!K2:K5001,1) -> 15 | F95: =QUARTILE(Raw_Data!K2:K5001,3) -> 45 | G95: =ROUND(E95-1.5*(F95-E95),1) -> -30 | H95: =ROUND(F95+1.5*(F95-E95),1) -> 90 | I95: =COUNTIF(Raw_Data!K2:K5001,"<"&G95)+COUNTIF(Raw_Data!K2:K5001,">"&H95) -> 0 | J95: =I95/$B$4 -> 0
A96: previous_appointments | B96: =MIN(Raw_Data!L2:L5001) -> 0 | C96: =MAX(Raw_Data!L2:L5001) -> 11 | D96: =ROUND(AVERAGE(Raw_Data!L2:L5001),1) -> 3 | E96: =QUARTILE(Raw_Data!L2:L5001,1) -> 2 | F96: =QUARTILE(Raw_Data!L2:L5001,3) -> 4 | G96: =ROUND(E96-1.5*(F96-E96),1) -> -1 | H96: =ROUND(F96+1.5*(F96-E96),1) -> 7 | I96: =COUNTIF(Raw_Data!L2:L5001,"<"&G96)+COUNTIF(Raw_Data!L2:L5001,">"&H96) -> 64 | J96: =I96/$B$4 -> 0.0128
A97: previous_no_shows | B97: =MIN(Raw_Data!M2:M5001) -> 0 | C97: =MAX(Raw_Data!M2:M5001) -> 5 | D97: =ROUND(AVERAGE(Raw_Data!M2:M5001),1) -> 0.5 | E97: =QUARTILE(Raw_Data!M2:M5001,1) -> 0 | F97: =QUARTILE(Raw_Data!M2:M5001,3) -> 1 | G97: =ROUND(E97-1.5*(F97-E97),1) -> -1.5 | H97: =ROUND(F97+1.5*(F97-E97),1) -> 2.5 | I97: =COUNTIF(Raw_Data!M2:M5001,"<"&G97)+COUNTIF(Raw_Data!M2:M5001,">"&H97) -> 93 | J97: =I97/$B$4 -> 0.0186
A98: distance_to_clinic_km | B98: =MIN(Raw_Data!P2:P5001) -> 0.5 | C98: =MAX(Raw_Data!P2:P5001) -> 45 | D98: =ROUND(AVERAGE(Raw_Data!P2:P5001),1) -> 10.1 | E98: =QUARTILE(Raw_Data!P2:P5001,1) -> 5.3 | F98: =QUARTILE(Raw_Data!P2:P5001,3) -> 13.5 | G98: =ROUND(E98-1.5*(F98-E98),1) -> -7 | H98: =ROUND(F98+1.5*(F98-E98),1) -> 25.8 | I98: =COUNTIF(Raw_Data!P2:P5001,"<"&G98)+COUNTIF(Raw_Data!P2:P5001,">"&H98) -> 146 | J98: =I98/$B$4 -> 0.0292
A99: waiting_time_minutes | B99: =MIN(Raw_Data!Q2:Q5001) -> 2 | C99: =MAX(Raw_Data!Q2:Q5001) -> 68 | D99: =ROUND(AVERAGE(Raw_Data!Q2:Q5001),1) -> 24.2 | E99: =QUARTILE(Raw_Data!Q2:Q5001,1) -> 17 | F99: =QUARTILE(Raw_Data!Q2:Q5001,3) -> 32 | G99: =ROUND(E99-1.5*(F99-E99),1) -> -5.5 | H99: =ROUND(F99+1.5*(F99-E99),1) -> 54.5 | I99: =COUNTIF(Raw_Data!Q2:Q5001,"<"&G99)+COUNTIF(Raw_Data!Q2:Q5001,">"&H99) -> 19 | J99: =I99/$B$4 -> 0.0038
A101: E. Logical Consistency Checks
A102: Check | B102: Mismatch Count | C102: % of Total | D102: Note
A103: booking_lead_days = appointment_date − booking_date | B103: =COUNTIF(Raw_Data!W2:W5001,"Mismatch") -> 0 | C103: =B103/$B$4 -> 0 | D103: Confirms the stated lead time matches the actual date difference.
A104: appointment_day matches weekday of appointment_date | B104: =COUNTIF(Raw_Data!X2:X5001,"Mismatch") -> 0 | C104: =B104/$B$4 -> 0 | D104: Confirms the recorded day-of-week label is correct.
A105: reminder_channel logic (blank iff reminder_sent = No) | B105: =COUNTIF(Raw_Data!Y2:Y5001,"Missing channel for sent reminder")+COUNTIF(Raw_Data!Y2:Y5001,"Unexpected: channel present but no reminder sent") -> 0 | C105: =B105/$B$4 -> 0 | D105: Flags any row where reminder_sent and reminder_channel disagree.
A107: Unlabeled source columns
A108: Extra_Column_1: fully blank across all records. Extra_Column_2: blank except one stray value (2423) in the first data row with no header or documentation. Both preserved as-is on Raw_Data; recommend confirming with the data owner / Data Dictionary before use.

Sheet Findings_Summary
A1: Data Quality Assessment — Findings Summary
A2: HealthConnect_Appointment_Data — 5,000 records, 18 substantive fields
A4: Overall
A5: The dataset is largely clean and internally consistent. Appointment IDs are unique with no duplicates, booking_lead_days correctly matches the date difference in every row, and appointment_day matches the true weekday of appointment_date in every row. No negative or impossible numeric values were found (age, distance, waiting time, and counts are all within plausible ranges).
A6: Missing data
A7: Three fields have missing values: reminder_channel (1,366 blanks, ~27.3%), distance_to_clinic_km (90 blanks, ~1.8%), and waiting_time_minutes (60 blanks, ~1.2%). The reminder_channel blanks are logically explained — they occur exactly where reminder_sent = 'No', so this is not really an error. Distance and waiting time gaps are smaller and appear to be genuinely unrecorded values; these fields should be handled carefully (e.g. flagged rather than imputed with an assumed value) if used directly in KPIs.
A8: Unlabeled columns
A9: The source file contains two columns with no header. One is completely empty; the other holds a single unexplained numeric value (2423) with no context. Both have been preserved unedited on Raw_Data and should be confirmed with the data owner or Data Dictionary before Week 5 — they are not used in any of the checks or proposed KPIs at this stage.
A10: Duplicates
A11: No duplicate appointment IDs and no cases of the same patient booked into the same date and time slot more than once were found.
A12: Categorical fields
A13: All categorical fields (gender, age_group, appointment_type, appointment_day, appointment_time, reminder_sent, reminder_channel, appointment_outcome) use a small, consistent set of labels with no case or spelling inconsistencies. Gender includes a third category, 'Prefer not to say', which should be retained as a valid response rather than treated as missing.
... A19: The dataset is fit for the Week 4/5 exploratory analysis and KPI calculation described in the Initial Analysis Document, once the two unlabeled columns are clarified and a decision is made on how to treat the small number of missing distance/waiting-time values.
